Vessel,In Voyage,Out Voyage,Abbr Vessel,Abbr In Voyage,Abbr Out Voyage,Line,Alliance,PSA Service,Customer Service,Vessel Operator,Vessel Status,Shift Sequence No,Terminal,Berth,Crane,Ship Side Planned ,Berth Time,Unberth Time,Completion of Discharge,Vessel Operator Remarks
NYK CLARA,422W,422W,NYK CLARA,422W,422W,ONE,-,EA3,EA4,ONE,Closed,1,PASIR PANJANG TERMINAL 3,P20,"524,",Starboard Side,15/6/2024 23:40,16/6/2024 11:00,16/6/2024 4:20,-
BATAMINDO III,93587S,93587S,BSW 3,93587S,93587S,BSW,-,BCL,BATAM 2,BAT,Closed,1,KEPPEL TERMINAL,K13,"309,",Port Side,15/6/2024 23:30,16/6/2024 1:05,16/6/2024 1:05,-
ALS KRONOS,421S,421S,ALS KRONOS,421S,421S,MAE,-,IA8,IA8,MSL,Alongside,1,TUAS F2 TERMINAL 1,T204,"2204,",Port Side,15/6/2024 23:15,16/6/2024 14:40,-,-
ALS KRONOS,421S,421S,ALS KRONOS,421S,421S,MAE,-,IA8,IA8,MSL,Alongside,2,PASIR PANJANG TERMINAL 2,P11,"318,",Starboard Side,18/6/2024 8:30,18/6/2024 23:00,-,-
GREEN WAVE,001S,001S,GREENWAVE,001S,001S,HLC,-,OTH,VIS-GWV,HLC,Closed,1,PASIR PANJANG TERMINAL 2,P26,"614,",Port Side,15/6/2024 21:15,16/6/2024 14:35,16/6/2024 12:14,-
MSC FORTUNE F,SB423R,SB423R,MSC FORTUNE,SB423R,SB423R,MSD,-,BUR,BUR,MSC,Closed,1,TUAS F2 TERMINAL 1,T209,"2226,",Port Side,15/6/2024 20:50,16/6/2024 11:20,16/6/2024 9:03,-
UNI ACTIVE,0322-771S,0323-772N,UNI ACTIVE,2-771S,3-772N,EMC,-,SY1,SY1,RTW,Closed,1,PASIR PANJANG TERMINAL 5-6,P32,"810,",Starboard Side,15/6/2024 20:40,16/6/2024 9:50,16/6/2024 5:51,-
SINGAPORE,180S,180S,SINGAPOR,180S,180S,OOC,-,AWX,AWX,OCL,Closed,1,PASIR PANJANG TERMINAL 5-6,P31,"805,",Starboard Side,15/6/2024 20:30,16/6/2024 20:25,16/6/2024 12:29,-
SINAR SORONG,0224S,0225N,SINAR SORON,0224S,0225N,SUD,-,CES,CES,SUD,Closed,1,PASIR PANJANG TERMINAL 4,P27,"701,",Starboard Side,15/6/2024 20:05,17/6/2024 15:40,17/6/2024 10:52,-
SINAR BAJO,029S,030N,SINAR BAJO,029S,030N,SUD,-,SMM,SMM,SUD,Closed,1,PASIR PANJANG TERMINAL 1,P03,"109,",Port Side,15/6/2024 19:30,16/6/2024 20:10,16/6/2024 14:37,-
CSCL LONG BEACH,054W,055E,CSCL BEACH,054W,055E,COS,-,PX2,PEX2,CSP,Closed,1,PASIR PANJANG TERMINAL 5-6,P33,"813,",Starboard Side,15/6/2024 19:15,16/6/2024 20:10,16/6/2024 14:49,-
MARCOPOLO 352,BS017,BS017,MARCOPOLO 35,BS017,BS017,ELS,-,ELS,BUN,ELE,Departed,1,KEPPEL TERMINAL,K14,"309,",Starboard Side,15/6/2024 17:50,16/6/2024 2:30,-,-
MARCOPOLO 352,BS017,BS017,MARCOPOLO 35,BS017,BS017,ELS,-,ELS,BUN,ELE,Departed,2,KEPPEL TERMINAL,K14,"309,",Starboard Side,16/6/2024 2:30,16/6/2024 8:30,-,-
MARCOPOLO 352,BS017,BS017,MARCOPOLO 35,BS017,BS017,ELS,-,ELS,BUN,ELE,Departed,3,KEPPEL TERMINAL,K14,"309,",Starboard Side,16/6/2024 8:31,17/6/2024 0:55,-,-
MARCOPOLO 352,BS017,BS017,MARCOPOLO 35,BS017,BS017,ELS,-,ELS,BUN,ELE,Departed,4,KEPPEL TERMINAL,K14,"309,",Starboard Side,17/6/2024 0:55,17/6/2024 19:50,-,-
CMA CGM LA SCALA,0XR5LE1MA,0XR5LE1MA,CMA LA SCALA,5LE1MA,5LE1MA,CMA,-,CBX,CBX,CCA,Closed,1,PASIR PANJANG TERMINAL 5-6,P41,"921,",Port Side,15/6/2024 17:40,16/6/2024 13:35,16/6/2024 7:00,-
APL JEDDAH,0IZHAN1NC,0IZHAN1NC,APL JEDDAH,HAN1NC,HAN1NC,CNC,-,JSX,JSX,APL,Closed,1,PASIR PANJANG TERMINAL 5-6,P35,"881,",Starboard Side,15/6/2024 16:45,16/6/2024 14:45,16/6/2024 11:33,-
ONE MUNCHEN,038W,038W,ONE MUNCHEN,038W,038W,ONE,THE,MD1,MD1,ONE,Closed,1,PASIR PANJANG TERMINAL 2,P24,"606,",Port Side,15/6/2024 15:55,16/6/2024 21:45,16/6/2024 18:21,-
BARZAN,024E,024E,BARZAN,024E,024E,HLC,THE,FE2,FE2,HLC,Closed,1,PASIR PANJANG TERMINAL 4,P28,"702,",Starboard Side,15/6/2024 15:50,17/6/2024 5:55,17/6/2024 3:47,-
APL FLORIDA,0PGI9E1MA,0PGI9E1MA,APL FLORIDA,I9E1MA,I9E1MA,CMA,OA,AW6,AWE6,CCA,Closed,1,PASIR PANJANG TERMINAL 5-6,P38,"902,",Port Side,15/6/2024 15:25,16/6/2024 20:50,16/6/2024 14:19,-
CMA CGM KRUGER,0XL5TS1NC,0XL5TS1NC,CMA KRUGER,5TS1NC,5TS1NC,CNC,-,KCS,KCS,APL,Closed,1,PASIR PANJANG TERMINAL 5-6,P40,"914,",Port Side,15/6/2024 14:25,16/6/2024 5:45,16/6/2024 1:22,-
CAPRICORN 51,PB410,PG410,CAPRICORN 51,PB410,PG410,XSN,-,SBM,SBM,STP,Closed,1,KEPPEL TERMINAL,K13,"309,",Port Side,15/6/2024 14:10,16/6/2024 3:00,15/6/2024 22:14,-
KOTA CEPAT,0063W,0063W,KOTA CEPAT,0063W,0063W,PIL,-,RS2,RSS2,PIL,Closed,1,BRANI TERMINAL,B07,"907,",Port Side,15/6/2024 13:20,16/6/2024 4:55,16/6/2024 3:53,-
LL 2523,39 JN,39 JN,LL 2523,39 JN,39 JN,PSN,-,PNK,IDPNK,SDO,Closed,1,BRANI TERMINAL,B08,"913,",Port Side,15/6/2024 13:20,16/6/2024 2:30,15/6/2024 20:21,-
SAN LORENZO,260N,260N,SAN LORENZO,260N,260N,OOC,-,VTS,VTS,OCL,Closed,1,PASIR PANJANG TERMINAL 5-6,P34,"817,",Port Side,15/6/2024 12:30,16/6/2024 14:20,16/6/2024 10:27,-
COSCO ROTTERDAM,191N,191N,COS ROTTERDA,191N,191N,COS,-,AA2,AAA2,CSP,Closed,1,PASIR PANJANG TERMINAL 5-6,P31,"803,",Starboard Side,15/6/2024 12:15,16/6/2024 15:35,-,-
COSCO ROTTERDAM,191N,191N,COS ROTTERDA,191N,191N,COS,-,AA2,AAA2,CSP,Closed,2,BRANI TERMINAL,B05,"808,",Port Side,16/6/2024 18:35,17/6/2024 6:15,17/6/2024 5:10,-
LINAU 135,35048W,35049,LINAU 135,35048W,35049,COS,-,KBS,KBS,CSP,Closed,1,KEPPEL TERMINAL,K13,"310,",Port Side,15/6/2024 11:25,16/6/2024 3:00,-,-
LINAU 135,35048W,35049,LINAU 135,35048W,35049,COS,-,KBS,KBS,CSP,Closed,2,BRANI TERMINAL,B03,-,Port Side,16/6/2024 3:30,16/6/2024 14:15,-,-
LINAU 135,35048W,35049,LINAU 135,35048W,35049,COS,-,KBS,KBS,CSP,Closed,3,BRANI TERMINAL,B03,"708,",Port Side,16/6/2024 14:16,17/6/2024 3:25,17/6/2024 2:21,-
BATAMINDO III,93586N,93586N,BSW 3,93586N,93586N,BSW,-,BCL,BATAM 2,BAT,Closed,1,KEPPEL TERMINAL,K13,"310,",Port Side,15/6/2024 10:10,15/6/2024 14:25,15/6/2024 14:13,-
MSC IDA II,HZ423R,HZ423R,MSC IDA II,HZ423R,HZ423R,MSD,-,LCE,LCE,MSC,Closed,1,TUAS F2 TERMINAL 1,T203,"2201,",Port Side,15/6/2024 9:55,16/6/2024 12:10,16/6/2024 9:00,-
MARCO POLO 268,OS078,SO078,MARCOPOLO268,OS078,SO078,ELS,-,PWG,PWG1,ELE,Closed,1,PASIR PANJANG TERMINAL 1,P02,"109,",Port Side,15/6/2024 9:40,15/6/2024 21:30,-,-
MARCO POLO 268,OS078,SO078,MARCOPOLO268,OS078,SO078,ELS,-,PWG,PWG1,ELE,Closed,2,PASIR PANJANG TERMINAL 1,P02,"109,",Port Side,15/6/2024 21:30,16/6/2024 6:40,16/6/2024 6:40,-
MARCO POLO 118,PS495,PS495,MARCO P 118,PS495,PS495,ELS,-,PWG,PWG1,ELE,Closed,1,PASIR PANJANG TERMINAL 1,P01,"104,",Port Side,15/6/2024 9:30,16/6/2024 7:05,15/6/2024 18:40,-
CAT LAI EXPRESS,059N,059N,CAT LAI E,059N,059N,HLC,-,VIS,VIS,HLC,Closed,1,PASIR PANJANG TERMINAL 2,P09,"311,",Starboard Side,15/6/2024 8:25,16/6/2024 13:45,16/6/2024 9:02,-
HR BALU,0029S,0029N,HR BALU,0029S,0029N,HRL,-,BEX,BES,HRL,Closed,1,KEPPEL TERMINAL,K16,-,Starboard Side,15/6/2024 8:20,16/6/2024 13:30,-,-
HR BALU,0029S,0029N,HR BALU,0029S,0029N,HRL,-,BEX,BES,HRL,Closed,2,PASIR PANJANG TERMINAL 5-6,P35,"884,",Port Side,16/6/2024 16:25,17/6/2024 10:00,17/6/2024 3:00,-
KOTA NAGA,2240S,2240S,KOTA NAGA,2240S,2240S,PIL,-,KCX,KCS,PIL,Closed,1,BRANI TERMINAL,B07,"911,",Port Side,15/6/2024 7:00,16/6/2024 8:10,15/6/2024 21:26,-
ZIM USA,8E,8E,ZIM USA,8E,8E,ZIM,-,X4C,X4C,STS,Closed,1,PASIR PANJANG TERMINAL 2,P10,"312,",Starboard Side,15/6/2024 6:40,17/6/2024 4:00,17/6/2024 2:36,-
ITAL UNICA,176W,176W,ITAL UNICA,176W,176W,LTT,-,CIE,CIE,RTW,Closed,1,PASIR PANJANG TERMINAL 5-6,P41,"921,",Port Side,15/6/2024 6:05,15/6/2024 15:15,15/6/2024 13:27,-
BALTIC WEST,2405S,2405S,BALTIC WEST,2405S,2405S,SQM,-,KI1,KI1,SNR,Closed,1,BRANI TERMINAL,B05,"808,",Starboard Side,15/6/2024 4:50,16/6/2024 12:05,16/6/2024 8:23,-
ADAMS,422N,422N,ADAMS,422N,422N,MAE,-,IA8,IA8,MSL,Alongside,1,TUAS F2 TERMINAL 1,T204,"2204,",Port Side,15/6/2024 4:20,15/6/2024 21:25,15/6/2024 18:00,-
ADAMS,422N,422N,ADAMS,422N,422N,MAE,-,IA8,IA8,MSL,Alongside,2,PASIR PANJANG TERMINAL 2,P11,"318,",Port Side,17/6/2024 4:15,18/6/2024 7:30,-,-
MAERSK HAI PHONG,409N,409N,MAERSK HAI P,409N,409N,MAE,-,SH2,SH2,MSL,Closed,1,PASIR PANJANG TERMINAL 2,P11,"319,",Port Side,15/6/2024 4:20,16/6/2024 0:45,15/6/2024 16:59,-
BINA MARINE 82,125 SN,125 SN,BINA M 82,125 SN,125 SN,PSN,-,SUQ,GUNTUNG,SDO,Closed,1,KEPPEL TERMINAL,K12,"308,",Starboard Side,15/6/2024 4:00,16/6/2024 17:05,16/6/2024 8:47,-
NYK ISABEL,150S,151N,NYK ISABEL,150S,151N,ONE,-,PHX,PHX,ONE,Closed,1,PASIR PANJANG TERMINAL 3,P19,"520,",Starboard Side,15/6/2024 3:50,17/6/2024 5:40,16/6/2024 18:39,-
EVER BLINK,1514-062NB,1514-062NB,EVER BLINK,-062NB,-062NB,EMC,-,NSD,NSD,RTW,Closed,1,PASIR PANJANG TERMINAL 5-6,P36,"886,",Port Side,15/6/2024 3:45,15/6/2024 6:28,15/6/2024 6:05,-
EVER BLINK,1514-062NB,1514-062NB,EVER BLINK,-062NB,-062NB,EMC,-,NSD,NSD,RTW,Closed,2,PASIR PANJANG TERMINAL 5-6,P36,-,Port Side,15/6/2024 6:28,15/6/2024 21:50,-,-
NAWATA BHUM,243S,244N,NAWATA BHUM,243S,244N,RCL,-,RCX,RCL,GRS,Closed,1,PASIR PANJANG TERMINAL 1,P02,"106,",Port Side,15/6/2024 3:15,16/6/2024 4:05,15/6/2024 21:46,-
BUANA OCEAN 08,B40614,S40614,BUANA OC 08,B40614,S40614,BNA,-,BTM,BTM,BNA,Closed,1,BRANI TERMINAL,B06,"907,",Port Side,15/6/2024 2:53,15/6/2024 5:13,15/6/2024 4:34,-
COSCO KOREA,083E,083E,COSCO KOREA,083E,083E,COS,-,ASF,WAX4,CSP,Closed,1,PASIR PANJANG TERMINAL 5-6,P33,"813,",Starboard Side,15/6/2024 2:05,15/6/2024 17:45,15/6/2024 10:15,-
MSC BANU III,HU422A,HU422A,MSC BANU III,HU422A,HU422A,MSD,-,GUL,GUL,MSC,Closed,1,TUAS F2 TERMINAL 1,T210,"2229,",Port Side,15/6/2024 1:55,16/6/2024 9:20,-,-
MSC BANU III,HU422A,HU422A,MSC BANU III,HU422A,HU422A,MSD,-,GUL,GUL,MSC,Closed,2,PASIR PANJANG TERMINAL 3,P15,"502,",Starboard Side,16/6/2024 16:35,17/6/2024 11:25,16/6/2024 22:24,-
KOTA RUKUN,0320E,0321W,KOTA RUKUN,0320E,0321W,PIL,-,BD2/CAS,BD2/CAS,PIL,Closed,1,BRANI TERMINAL,B06,"905,",Port Side,15/6/2024 1:15,16/6/2024 1:25,15/6/2024 17:44,-
KOTA NAZIM,032W,033E,KOTA NAZIM,032W,033E,RCL,-,SPS,RSP5,GRS,Closed,1,BRANI TERMINAL,B04,"805,",Port Side,15/6/2024 0:50,16/6/2024 7:35,16/6/2024 4:57,-
BATAMINDO V,83586S,83586S,BSW 5,83586S,83586S,BSW,-,BCL,BATAM 2,BAT,Closed,1,KEPPEL TERMINAL,K14,"310,",Port Side,14/6/2024 23:50,15/6/2024 5:40,15/6/2024 5:38,-
DEBUSSY,775,775,DEBUSSY,775,775,ANL,-,NZX,NZX,CCA,Alongside,1,PASIR PANJANG TERMINAL 5-6,P39,"907,",Port Side,14/6/2024 23:10,16/6/2024 6:00,15/6/2024 21:42,-
DEBUSSY,775,775,DEBUSSY,775,775,ANL,-,NZX,NZX,CCA,Alongside,2,BRANI TERMINAL,B05,"808,",Starboard Side,19/6/2024 2:00,19/6/2024 13:30,-,-
DAMIETTA EXPRESS,001W,001W,DAMIETTA E,001W,001W,HLC,THE,FE3,FE3,HLC,Closed,1,PASIR PANJANG TERMINAL 3,P16,"505,",Starboard Side,14/6/2024 23:00,16/6/2024 18:00,16/6/2024 5:16,-
MSC AINO,ZF422A,ZF422A,MSC AINO,ZF422A,ZF422A,MSD,-,IGE,IGE,MSC,Closed,1,TUAS F2 TERMINAL 1,T206,"2211,",Port Side,14/6/2024 21:55,16/6/2024 9:50,16/6/2024 4:58,REPAIRS AFTE CARGO OPS
CAPRICORN 59,RG821,RG821,CAPRICORN 59,RG821,RG821,XSN,-,SBM,SBM,STP,Closed,1,BRANI TERMINAL,B03,"708,",Port Side,14/6/2024 21:45,15/6/2024 3:10,15/6/2024 3:10,-
KOTA DUTA,0281W,0282E,KOTA DUTA,0281W,0282E,PIL,-,KKS,KKS,PIL,Closed,1,BRANI TERMINAL,B07,"908,",Port Side,14/6/2024 20:10,15/6/2024 10:20,15/6/2024 9:00,-
MARSEILLE MAERSK,418E,418E,MARSEILLE MS,418E,418E,MAE,2M,LP1,LP1,MSL,Closed,1,PASIR PANJANG TERMINAL 3,P18,"509,",Starboard Side,14/6/2024 20:05,16/6/2024 1:30,15/6/2024 23:17,-
SALVADOR EXPRESS,2411E,2411E,SALVADOR E,2411E,2411E,HLC,-,IPA,AS2,HLC,Departed,1,TUAS F2 TERMINAL 1,T205,"2207,",Port Side,14/6/2024 19:45,15/6/2024 23:35,15/6/2024 22:43,-
SALVADOR EXPRESS,2411E,2411E,SALVADOR E,2411E,2411E,HLC,-,IPA,AS2,HLC,Departed,2,PASIR PANJANG TERMINAL 2,P26,"612,",Port Side,16/6/2024 18:30,17/6/2024 20:55,-,-
MARCOPOLO 172,OS003,SO003,MARCOPOLO172,OS003,SO003,ELS,-,PWG,PWG1,ELE,Closed,1,KEPPEL TERMINAL,K13,"309,",Starboard Side,14/6/2024 19:40,15/6/2024 14:05,15/6/2024 3:00,-
OOCL NEW ZEALAND,139S,139S,O NEWZEALAND,139S,139S,OOC,-,KT3,KTX3,OCL,Closed,1,PASIR PANJANG TERMINAL 5-6,P32,"807,",Starboard Side,14/6/2024 19:20,15/6/2024 19:30,15/6/2024 11:05,-
X PRESS AQUARIUS,022W,022W,XPRES AQUARI,022W,022W,XLP,-,TCX,TCX,XLP,Closed,1,PASIR PANJANG TERMINAL 2,P07,"301,",Starboard Side,14/6/2024 19:20,16/6/2024 3:45,15/6/2024 23:19,-
KOFUKU,5624,5624,KOFUKU,5624,5624,EXL,-,EXL,EXLOTH,ESL,Closed,1,BRANI TERMINAL,B03,"708,",Port Side,14/6/2024 19:10,14/6/2024 23:50,14/6/2024 20:52,-
AKA BHUM,021E,021E,AKA BHUM,021E,021E,RCL,-,CCI,CCI,GRS,Closed,1,PASIR PANJANG TERMINAL 4,P29,"708,",Starboard Side,14/6/2024 17:50,16/6/2024 5:35,15/6/2024 22:15,-
MARCOPOLO 258,OS004,SO004,MARCOPOLO258,OS004,SO004,ELS,-,PWG,PWG1,ELE,Closed,1,BRANI TERMINAL,B08,"913,",Port Side,14/6/2024 17:50,15/6/2024 11:40,14/6/2024 23:36,-
TUAS TEST VESSEL 2,714-2,714-2,TUAS TEST 2,714-2,714-2,TTZ,-,TTZ,TTZ,ZZZ,Closed,1,TUAS F2 TERMINAL 1,T213,"2402,",Port Side,14/6/2024 17:35,14/6/2024 18:05,14/6/2024 17:59,-
CMA CGM LOIRE,0BEI7W1MA,0BEI7W1MA,CMA LOIRE,I7W1MA,I7W1MA,CMA,OA,ME5,MED5,CCA,Closed,1,PASIR PANJANG TERMINAL 5-6,P38,"905,",Port Side,14/6/2024 17:15,15/6/2024 11:15,15/6/2024 5:05,-
SINAR BANDA,327S,328N,SINAR BANDA,327S,328N,SUD,-,MSX,MSX0,SUD,Closed,1,PASIR PANJANG TERMINAL 1,P03,"109,",Port Side,14/6/2024 16:45,15/6/2024 18:50,15/6/2024 13:13,-
TUAS TEST VESSEL 2,714-1,714-1,TUAS TEST 2,714-1,714-1,TTZ,-,TTZ,TTZ,ZZZ,Closed,1,TUAS F2 TERMINAL 1,T213,"2402,",Port Side,14/6/2024 15:32,14/6/2024 17:04,14/6/2024 17:04,-
YM TOTALITY,019W,020E,YM TOTALITY,019W,020E,YML,THE,PN2,PN2,GMS,Closed,1,PASIR PANJANG TERMINAL 2,P08,"305,",Starboard Side,14/6/2024 14:40,16/6/2024 12:45,15/6/2024 21:31,-
AN HAI,017N,017N,ANHAI,017N,017N,COS,-,IHX,IHX,CSP,Closed,1,PASIR PANJANG TERMINAL 5-6,P30,"800,",Starboard Side,14/6/2024 14:25,16/6/2024 1:45,15/6/2024 15:41,-
BEAR MOUNTAIN BRIDGE,120W,120W,BEAR MT BR,120W,120W,ONE,-,SAA,SAS,ONE,Closed,1,PASIR PANJANG TERMINAL 3,P22,"530,",Starboard Side,14/6/2024 14:10,16/6/2024 2:30,15/6/2024 16:37,-
MSC IRINA,FJ420W,FJ420W,MSC IRINA,FJ420W,FJ420W,MSD,2M,AM2,AM2,MSC,Closed,1,TUAS F2 TERMINAL 1,T207,"2215,",Port Side,14/6/2024 12:45,16/6/2024 13:10,16/6/2024 8:58,-
NAP 910,0324,0324,NAP 910,0324,0324,ELS,-,PWG,PWG1,ELE,Closed,1,PASIR PANJANG TERMINAL 1,P05,-,Port Side,14/6/2024 12:35,15/6/2024 8:15,-,-
NAP 910,0324,0324,NAP 910,0324,0324,ELS,-,PWG,PWG1,ELE,Closed,2,PASIR PANJANG TERMINAL 1,P03,"112,",Port Side,15/6/2024 9:10,15/6/2024 23:00,-,-
NAP 910,0324,0324,NAP 910,0324,0324,ELS,-,PWG,PWG1,ELE,Closed,3,PASIR PANJANG TERMINAL 1,P03,-,Port Side,15/6/2024 23:00,16/6/2024 6:30,16/6/2024 6:30,-
TS NINGBO,011S,011N,TS NINGBO,011S,011N,ONE,-,JSM,JSM,ONE,Closed,1,PASIR PANJANG TERMINAL 2,P23,"601,",Port Side,14/6/2024 12:10,16/6/2024 0:00,15/6/2024 13:23,-
YM HEIGHTS,371S,372N,YM HEIGHTS,371S,372N,YML,-,SE8,SE8,GMS,Closed,1,PASIR PANJANG TERMINAL 2,P11,"315,",Port Side,14/6/2024 11:45,15/6/2024 7:00,15/6/2024 4:00,-
BATAMINDO V,83585N,83585N,BSW 5,83585N,83585N,BSW,-,BCL,BATAM 2,BAT,Closed,1,KEPPEL TERMINAL,K13,"309,",Port Side,14/6/2024 11:30,14/6/2024 16:25,14/6/2024 16:24,-
CAPRICORN 59,RB821,RB821,CAPRICORN 59,RB821,RB821,XSN,-,SBM,SBM,STP,Closed,1,BRANI TERMINAL,B08,"913,",Port Side,14/6/2024 9:30,14/6/2024 15:50,14/6/2024 15:42,-
WAN HAI 329,S030,S030,WAN HAI 329,S030,S030,WHL,-,JTX,JTX,WHL,Closed,1,BRANI TERMINAL,B04,"805,",Port Side,14/6/2024 9:30,14/6/2024 23:20,14/6/2024 20:58,-
CNC PUMA,0XKGYN1NC,0XKGYN1NC,CNC PUMA,GYN1NC,GYN1NC,CNC,-,OTH,OTH-NCX,APL,Closed,1,PASIR PANJANG TERMINAL 5-6,P37,"901,",Port Side,14/6/2024 8:50,15/6/2024 6:05,15/6/2024 2:00,-
DANUM 159,59242A,59242A,DANUM 159,59242A,59242A,SYG,-,KES,KES,ASI,Closed,1,KEPPEL TERMINAL,K13,"309,",Starboard Side,14/6/2024 8:30,15/6/2024 1:10,14/6/2024 14:00,-
TRADER,165N,166S,TRAD ER,165N,166S,COS,-,SRX,SRX2,CSP,Closed,1,PASIR PANJANG TERMINAL 5-6,P34,"817,",Starboard Side,14/6/2024 8:30,15/6/2024 11:40,15/6/2024 2:30,-
MSC ASTRID III,HV420A,HV423R,MSC ASTRID 3,HV420A,HV423R,MSD,-,DOL,DOL,MSC,Closed,1,TUAS F2 TERMINAL 1,T209,"2226,",Port Side,14/6/2024 8:20,15/6/2024 19:50,15/6/2024 12:09,-
SEASPAN LUMACO,422N,422N,SEASPAN LUMA,422N,422N,MAE,-,IAA,IA1,MSL,Closed,1,PASIR PANJANG TERMINAL 2,P10,"312,",Port Side,14/6/2024 8:10,15/6/2024 4:30,15/6/2024 0:00,-
MTT SIBU,P034S,J159N,MTT SIBU,P034S,J159N,FXS,-,ARM/SPP,ARM/SPP,SEO,Closed,1,PASIR PANJANG TERMINAL 1,P01,"104,",Port Side,14/6/2024 7:35,15/6/2024 1:35,14/6/2024 11:07,-
SINAR BUKITTINGGI,017E,019W,SINAR BUKITT,017E,019W,SUD,-,SKS/SIG,SKS/SIG,SUD,Closed,1,PASIR PANJANG TERMINAL 2,P26,"615,",Port Side,14/6/2024 7:20,15/6/2024 19:40,15/6/2024 11:37,-
MSC GLORY R,HU421R,HU421R,MSC GLORY R,HU421R,HU421R,MSD,-,GUL,GUL,MSC,Closed,1,PASIR PANJANG TERMINAL 3,P18,"513,",Starboard Side,14/6/2024 7:15,14/6/2024 13:05,-,-
MSC GLORY R,HU421R,HU421R,MSC GLORY R,HU421R,HU421R,MSD,-,GUL,GUL,MSC,Closed,2,TUAS F2 TERMINAL 1,T208,"2222,",Port Side,15/6/2024 6:50,16/6/2024 3:45,16/6/2024 1:56,-
BUANA OCEAN 09,B40613,S40613,BUANA OC 09,B40613,S40613,BNA,-,BTM,BTM,BNA,Closed,1,BRANI TERMINAL,B03,"708,",Port Side,14/6/2024 6:50,14/6/2024 9:10,14/6/2024 8:51,-
EVER CHARM,0433-089N,0433-089N,EVER CHARM,3-089N,3-089N,EGH,-,VMI,VMI,RTW,Closed,1,PASIR PANJANG TERMINAL 5-6,P38,"903,",Port Side,14/6/2024 5:55,14/6/2024 15:05,14/6/2024 12:59,-
CMA CGM OSIRIS,1TU8ES1MA,1TU8ES1MA,CMA OSIRIS,8ES1MA,8ES1MA,CMA,OA,SW3,PSW,CCA,Closed,1,PASIR PANJANG TERMINAL 5-6,P40,"913,",Port Side,14/6/2024 5:00,15/6/2024 10:45,15/6/2024 3:39,-
TIAN CHANG HE,092S,092N,TIANCHANGHE,092S,092N,COS,-,PA1,PA1,CSP,Closed,1,PASIR PANJANG TERMINAL 5-6,P33,"813,",Starboard Side,14/6/2024 4:35,15/6/2024 0:50,14/6/2024 21:57,-
MSC EXPRESS III,XA423A,XA423A,MSC EXPRESS3,XA423A,XA423A,MSD,-,OTH,EXPRESSIII XA423A,MSC,Closed,1,TUAS F2 TERMINAL 1,T210,"2230,",Port Side,14/6/2024 4:25,14/6/2024 20:27,-,-
MSC EXPRESS III,XA423A,XA423A,MSC EXPRESS3,XA423A,XA423A,MSD,-,OTH,EXPRESSIII XA423A,MSC,Closed,2,PASIR PANJANG TERMINAL 3,P21,"528,",Starboard Side,15/6/2024 12:05,16/6/2024 3:15,16/6/2024 1:09,-
MARCOPOLO 298,BS132,BS132,MARCOPOLO298,BS132,BS132,ELS,-,ELS,BUN,ELE,Closed,1,PASIR PANJANG TERMINAL 1,P02,"109,",Port Side,14/6/2024 4:00,15/6/2024 2:30,14/6/2024 12:56,-
MARCOPOLO 298,BS132,BS132,MARCOPOLO298,BS132,BS132,ELS,-,ELS,BUN,ELE,Closed,2,PASIR PANJANG TERMINAL 1,P02,-,Port Side,15/6/2024 2:30,15/6/2024 6:55,-,-
MSC OLIA,HW420A,HW420A,MSC OLIA,HW420A,HW420A,MSD,-,PTW,PTW,MSC,Closed,1,TUAS F2 TERMINAL 1,T208,"2222,",Port Side,14/6/2024 2:20,15/6/2024 2:10,14/6/2024 21:36,-
HYUNDAI AMBITION,039W,039W,HY AMBITION,039W,039W,HMM,THE,EC1,EC1,HMM,Closed,1,PASIR PANJANG TERMINAL 4,P28,"703,",Port Side,14/6/2024 2:10,15/6/2024 13:40,15/6/2024 11:06,-
CAPRICORN 51,PG409,PG409,CAPRICORN 51,PG409,PG409,XSN,-,SBM,SBM,STP,Closed,1,BRANI TERMINAL,B08,"913,",Port Side,14/6/2024 1:45,14/6/2024 8:40,14/6/2024 8:28,-
COSCO SHIPPING KILIMANJARO,037E,037E,COS KILIMANJ,037E,037E,COS,OA,EU1,AEU1,CSP,Closed,1,PASIR PANJANG TERMINAL 5-6,P31,"802,",Starboard Side,14/6/2024 1:15,15/6/2024 9:55,14/6/2024 22:54,-
EVER BLINK,1514-062S,1514-062N,EVER BLINK,4-062S,4-062N,EMC,-,NSD,NSD,RTW,Closed,1,PASIR PANJANG TERMINAL 5-6,P36,"886,",Port Side,14/6/2024 1:15,14/6/2024 22:41,14/6/2024 22:33,-
BATAMINDO III,93585S,93585S,BSW 3,93585S,93585S,BSW,-,BCL,BATAM 2,BAT,Closed,1,KEPPEL TERMINAL,K13,"310,",Port Side,14/6/2024 0:40,14/6/2024 3:45,14/6/2024 3:45,-
HIGHWAY,313N,313N,HIGHWAY,313N,313N,SUD,-,AJX,AJX,SUD,Closed,1,PASIR PANJANG TERMINAL 2,P09,"309,",Port Side,14/6/2024 0:10,15/6/2024 6:40,14/6/2024 23:44,-
SINAR SIGLI,038N,039S,SINAR SIGLI,038N,039S,SUD,-,SSU,SSU,SUD,Closed,1,PASIR PANJANG TERMINAL 2,P25,"612,",Port Side,13/6/2024 23:20,16/6/2024 7:00,16/6/2024 1:35,-
CAPE ORIENT,0HJ9CN1NC,0HJ9CN1NC,CAPE ORIENT,9CN1NC,9CN1NC,CNC,-,BX3,BBX3,APL,Closed,1,PASIR PANJANG TERMINAL 5-6,P38,"908,",Port Side,13/6/2024 23:15,14/6/2024 20:45,14/6/2024 16:30,-
SM TIANJIN,2420W,2420W,SM TIANJIN,2420W,2420W,CUL,-,CWA,CIS,CUL,Closed,1,BRANI TERMINAL,B05,"808,",Port Side,13/6/2024 21:45,15/6/2024 3:10,15/6/2024 0:09,-
YM HARMONY,401S,402N,YM HARMONY,401S,402N,YML,-,SE6,SPC,GMS,Closed,1,PASIR PANJANG TERMINAL 4,P27,"701,",Starboard Side,13/6/2024 21:45,15/6/2024 16:45,15/6/2024 14:00,-
CAPRICORN 51,PB409,PB409,CAPRICORN 51,PB409,PB409,XSN,-,SBM,SBM,STP,Closed,1,BRANI TERMINAL,B08,"913,",Port Side,13/6/2024 20:25,14/6/2024 1:45,14/6/2024 1:41,-
LL 2517,353 JN,353 JN,LL 2517,353 JN,353 JN,PSN,-,JJB,JJB,SDO,Closed,1,KEPPEL TERMINAL,K13,"309,",Starboard Side,13/6/2024 20:05,14/6/2024 8:40,14/6/2024 6:38,-
ONE RECOMMENDATION,001E,002E,ONE RECOMMEN,001E,002E,ONE,-,FAX/OTH,SAC/OTH/WIN2,ONE,Closed,1,PASIR PANJANG TERMINAL 3,P20,"523,",Port Side,13/6/2024 19:25,15/6/2024 22:00,15/6/2024 12:01,-
MSC CANBERRA,HV422R,HV422R,MSC CANBERRA,HV422R,HV422R,MSD,-,DOL,DOL,MSC,Closed,1,TUAS F2 TERMINAL 1,T204,"2204,",Port Side,13/6/2024 18:55,15/6/2024 2:10,14/6/2024 17:49,-
COSCO DENMARK,061W,061W,COS DENMARK,061W,061W,OOC,OA,ME3,EM1,OCL,Closed,1,PASIR PANJANG TERMINAL 5-6,P32,"807,",Starboard Side,13/6/2024 18:15,14/6/2024 18:05,14/6/2024 12:41,-
KOTA RANCAK,0322E,0323N,KOTA RANCAK,0322E,0323N,PIL,-,BD2/SQS,BD2/SQS,PIL,Closed,1,BRANI TERMINAL,B07,"908,",Port Side,13/6/2024 18:05,14/6/2024 19:20,14/6/2024 18:08,-
KOTA LARIS,079N,079N,KOTA LARIS,079N,079N,PIL,-,AA1,AAA1,PIL,Closed,1,BRANI TERMINAL,B07,"910,",Port Side,13/6/2024 17:55,15/6/2024 4:35,-,-
KOTA LARIS,079N,079N,KOTA LARIS,079N,079N,PIL,-,AA1,AAA1,PIL,Closed,2,PASIR PANJANG TERMINAL 5-6,P35,"885,",Starboard Side,15/6/2024 14:00,16/6/2024 2:09,16/6/2024 1:37,-
TUAS TEST VESSEL 2,713-1,713-1,TUAS TEST 2,713-1,713-1,TTZ,-,TTZ,TTZ,ZZZ,Closed,1,TUAS F2 TERMINAL 1,T213,"2403,",Port Side,13/6/2024 17:45,13/6/2024 18:51,13/6/2024 18:45,-
EF EMMA,963N,963N,EF EMMA,963N,963N,SMH,-,VIS,VIS,SMH,Closed,1,PASIR PANJANG TERMINAL 2,P07,"302,",Starboard Side,13/6/2024 17:20,14/6/2024 18:00,14/6/2024 15:26,-
MSC JOANNA,FY420A,FY420A,MSC JOANNA,FY420A,FY420A,MSD,-,AES,AES,MSC,Closed,1,TUAS F2 TERMINAL 1,T203,"2201,",Port Side,13/6/2024 17:15,14/6/2024 18:30,14/6/2024 13:23,-
SAMUDRA BINTAN 88,13F24P,P13F24,SAMUDRA B 88,13F24P,P13F24,XWS,-,WBL,WINSTAR,WIN,Closed,1,KEPPEL TERMINAL,K14,"310,",Port Side,13/6/2024 16:20,14/6/2024 0:27,13/6/2024 19:09,-
TUAS TEST VESSEL 2,712-2,712-2,TUAS TEST 2,712-2,712-2,TTZ,-,TTZ,TTZ,ZZZ,Closed,1,TUAS F2 TERMINAL 1,T213,"2403,",Port Side,13/6/2024 15:05,13/6/2024 17:04,13/6/2024 17:04,-
KOTA SAHABAT,0074E,0074E,KOTA SAHABAT,0074E,0074E,PIL,-,SWA,SWS,PIL,Closed,1,BRANI TERMINAL,B06,"905,",Port Side,13/6/2024 13:40,15/6/2024 0:15,14/6/2024 21:03,-
SOL RELIANCE,2404S,2405N,SOL RELIANCE,2404S,2405N,OEL,-,SCS,SCS,OEL,Closed,1,PASIR PANJANG TERMINAL 1,P02,"106,",Port Side,13/6/2024 13:20,15/6/2024 2:05,14/6/2024 17:35,-
CAPE ARAXOS,0BGALN1NC,0BGALN1NC,CAPE ARAXOS,ALN1NC,ALN1NC,CNC,-,BBX,BBX,APL,Closed,1,PASIR PANJANG TERMINAL 5-6,P35,"881,",Starboard Side,13/6/2024 13:10,14/6/2024 13:45,14/6/2024 9:01,-
DANUM 175,066N,066S,DANUM 175,066N,066S,COS,-,PRG,MTS,CSP,Closed,1,PASIR PANJANG TERMINAL 5-6,P34,"818,",Starboard Side,13/6/2024 12:15,14/6/2024 7:00,14/6/2024 3:26,-
BATAMINDO III,93584N,93584N,BSW 3,93584N,93584N,BSW,-,BCL,BATAM 2,BAT,Closed,1,KEPPEL TERMINAL,K13,"310,",Port Side,13/6/2024 11:45,13/6/2024 16:15,13/6/2024 16:14,-
NAP 310,BS003,BS003,NAP 310,BS003,BS003,ELS,-,ELS,BUN,ELE,Closed,1,PASIR PANJANG TERMINAL 1,P04,"114,",Port Side,13/6/2024 11:15,14/6/2024 5:30,-,-
NAP 310,BS003,BS003,NAP 310,BS003,BS003,ELS,-,ELS,BUN,ELE,Closed,2,PASIR PANJANG TERMINAL 1,P04,"114,",Port Side,14/6/2024 5:30,15/6/2024 11:25,14/6/2024 12:57,-
MSC LYSE V,HW422R,HW422R,MSC LYSE V,HW422R,HW422R,MSD,-,PTW,PTW,MSC,Closed,1,TUAS F2 TERMINAL 1,T206,"2213,",Port Side,13/6/2024 10:50,14/6/2024 17:55,14/6/2024 12:42,-
MMSS 2711,0YG6OW1MA,0YG6OW1MA,MMSS 2711,6OW1MA,6OW1MA,CMA,-,SBP,PSBB,CCA,Closed,1,PASIR PANJANG TERMINAL 5-6,P38,"909,",Port Side,13/6/2024 10:45,14/6/2024 8:15,13/6/2024 23:32,-
FRIDA RUSS,2421N,2428S,FRIDA RUSS,2421N,2428S,SSL,-,PWX,PWX,SWR,Closed,1,BRANI TERMINAL,B04,"804,",Port Side,13/6/2024 10:15,14/6/2024 7:40,13/6/2024 23:45,-
CMA CGM TANYA,0AAPRW1MA,0AAPRW1MA,CMA TANYA,PRW1MA,PRW1MA,CMA,-,FAA,SEAS1,CCA,Closed,1,PASIR PANJANG TERMINAL 5-6,P41,"917,",Port Side,13/6/2024 10:05,15/6/2024 3:50,14/6/2024 14:07,-
CAPRICORN 57,MB171,MG171,CAPRICORN 57,MB171,MG171,XSN,-,SBM,SBM,STP,Closed,1,KEPPEL TERMINAL,K12,"308,",Starboard Side,13/6/2024 9:00,13/6/2024 14:30,13/6/2024 14:19,-
HAIAN CITY,058S,058N,HAIAN CITY,058S,058N,ONE,-,VSE,VSX,ONE,Closed,1,PASIR PANJANG TERMINAL 3,P19,"520,",Starboard Side,13/6/2024 9:00,15/6/2024 2:40,14/6/2024 22:33,-
SCION MAFALDA,3224S,3224S,SCION MAFALD,3224S,3224S,ANL,-,PAX,PAX,CCA,Closed,1,PASIR PANJANG TERMINAL 5-6,P35,"882,",Starboard Side,13/6/2024 8:20,14/6/2024 12:00,14/6/2024 2:07,-
AS SUSANNA,007S,007N,AS SUSANNA,007S,007N,ONE,-,TSS,TSX,ONE,Closed,1,PASIR PANJANG TERMINAL 3,P19,"517,",Starboard Side,13/6/2024 8:15,14/6/2024 7:30,14/6/2024 4:50,-
BANGKOK,178S,179N,BANGKOK,178S,179N,SUD,-,SMM,SMM,SUD,Closed,1,PASIR PANJANG TERMINAL 1,P03,"110,",Port Side,13/6/2024 8:05,14/6/2024 15:25,14/6/2024 3:50,-
EVER PRIMA,0371-405S,0371-405N,E PRIMA,1-405S,1-405N,EMA,-,CVM,CVM,RTW,Closed,1,PASIR PANJANG TERMINAL 4,P27,"701,",Starboard Side,13/6/2024 8:00,13/6/2024 20:00,13/6/2024 18:38,-
BUANA OCEAN 08,B40612,S40612,BUANA OC 08,B40612,S40612,BNA,-,BTM,BTM,BNA,Closed,1,KEPPEL TERMINAL,K13,"309,",Starboard Side,13/6/2024 6:25,13/6/2024 11:15,13/6/2024 8:38,-
SINDO GULL,567 SN,567 SN,SINDO GULL,567 SN,567 SN,PSN,-,KID,KIJANG,SDO,Closed,1,BRANI TERMINAL,B03,"708,",Port Side,13/6/2024 6:00,13/6/2024 10:10,13/6/2024 8:00,-
ISEACO WISDOM,120S,121N,ISEACOWISDOM,120S,121N,COS,-,SYM,SYM1,CSP,Closed,1,PASIR PANJANG TERMINAL 5-6,P30,"800,",Starboard Side,13/6/2024 4:55,14/6/2024 13:10,14/6/2024 5:47,-
ONE MILLAU,040E,040E,ONE MILLAU,040E,040E,ONE,THE,MD1,MD1,ONE,Closed,1,PASIR PANJANG TERMINAL 2,P24,"604,",Port Side,13/6/2024 4:35,15/6/2024 13:30,15/6/2024 5:36,-
MSC SOFIA,FD420W,FD420W,MSC SOFIA,FD420W,FD420W,MSD,-,DRA,DRA,MSC,Closed,1,TUAS F2 TERMINAL 1,T207,"2216,",Port Side,13/6/2024 2:55,14/6/2024 10:15,14/6/2024 3:11,-
MSC BASEL V,HI423R,HI423R,MSC BASEL V,HI423R,HI423R,MSD,-,NOG,NOG,MSC,Closed,1,TUAS F2 TERMINAL 1,T209,"2227,",Port Side,13/6/2024 2:15,14/6/2024 7:10,14/6/2024 5:00,-
APL MIAMI,0FFBOE1MA,0FFBOE1MA,APL MIAMI,BOE1MA,BOE1MA,CMA,-,ASC,ASX,CCA,Closed,1,PASIR PANJANG TERMINAL 5-6,P37,"901,",Port Side,13/6/2024 1:10,14/6/2024 3:15,14/6/2024 0:48,-
BATAMINDO V,83584S,83584S,BSW 5,83584S,83584S,BSW,-,BCL,BATAM 2,BAT,Closed,1,KEPPEL TERMINAL,K13,"309,",Port Side,13/6/2024 0:40,13/6/2024 5:50,13/6/2024 5:50,-
SOL MALAYSIA,2410S,2411N,SOL MALAYSIA,2410S,2411N,OEL,-,SCS,SCS,OEL,Closed,1,PASIR PANJANG TERMINAL 1,P02,"107,",Port Side,13/6/2024 0:40,13/6/2024 21:40,13/6/2024 16:22,-
NAVIOS VERANO,0UE3ZS1NC,0UE3ZS1NC,NAVIOS VERAN,3ZS1NC,3ZS1NC,CNC,-,JSS,JSS,APL,Closed,1,PASIR PANJANG TERMINAL 5-6,P40,"915,",Port Side,12/6/2024 22:05,14/6/2024 1:40,13/6/2024 22:00,-
INDO SUKSES 50,121W,018S,IS 50,121W,018S,SBG,-,PSX/LSX,PSX/LSX,AAA,Closed,1,BRANI TERMINAL,B05,"805,",Port Side,12/6/2024 22:00,13/6/2024 7:30,-,-
INDO SUKSES 50,121W,018S,IS 50,121W,018S,SBG,-,PSX/LSX,PSX/LSX,AAA,Closed,2,BRANI TERMINAL,B03,"708,",Port Side,13/6/2024 8:00,14/6/2024 6:50,13/6/2024 15:19,-
CAPRICORN 59,RG820,RG820,CAPRICORN 59,RG820,RG820,XSN,-,SBM,SBM,STP,Closed,1,KEPPEL TERMINAL,K12,"308,",Port Side,12/6/2024 21:45,13/6/2024 4:35,13/6/2024 4:34,-
OOCL SWEDEN,001W,001W,O SWEDEN,001W,001W,COS,OA,EU1,AEU1,CSP,Closed,1,PASIR PANJANG TERMINAL 5-6,P31,"801,",Starboard Side,12/6/2024 21:45,13/6/2024 23:00,13/6/2024 20:41,-
AL DHAIL,030W,030W,AL DHAIL,030W,030W,HLC,THE,MD2,MD2,HLC,Closed,1,PASIR PANJANG TERMINAL 4,P29,"708,",Starboard Side,12/6/2024 21:30,14/6/2024 16:20,14/6/2024 6:48,-
CMA CGM BLUE WHALE,1QY9LN1NC,1QY9LN1NC,CMA BLUE WHA,9LN1NC,9LN1NC,CNC,-,CS1,CS1,APL,Closed,1,PASIR PANJANG TERMINAL 5-6,P36,"883,",Port Side,12/6/2024 21:30,13/6/2024 19:00,13/6/2024 14:39,-
ONE INFINITY,004W,004W,ONE INFINITY,004W,004W,ONE,THE,FE3,FE3,ONE,Closed,1,PASIR PANJANG TERMINAL 3,P17,"506,",Starboard Side,12/6/2024 21:30,14/6/2024 19:40,14/6/2024 17:59,-
YM WORTH,042W,043E,YM WORTH,042W,043E,YML,THE,PS7,PS7,GMS,Closed,1,PASIR PANJANG TERMINAL 2,P09,"307,",Starboard Side,12/6/2024 21:00,13/6/2024 22:45,13/6/2024 16:50,-
TUAS TEST VESSEL 2,Y001,Y001,TUAS TEST 2,Y001,Y001,TTZ,-,TTZ,TTZ,ZZZ,Incoming,1,TUAS F2 TERMINAL 1,T213,"2402,",Port Side,12/6/2024 20:30,13/6/2024 23:30,-,-
CMA CGM SAO PAULO,0BDICW1MA,0BDICW1MA,CMA SAO PAUL,ICW1MA,ICW1MA,CMA,-,SS2,SEAS2,CCA,Closed,1,PASIR PANJANG TERMINAL 5-6,P39,"911,",Port Side,12/6/2024 20:00,13/6/2024 21:55,13/6/2024 12:33,-
TAMPA TRIUMPH,0638-035E,0638-035E,TAMPA TRIUMP,8-035E,8-035E,EMA,OA,ME1,ME1,RTW,Closed,1,PASIR PANJANG TERMINAL 4,P28,"704,",Starboard Side,12/6/2024 19:20,13/6/2024 23:25,13/6/2024 21:45,-
GOLDEN STAR 1,6327S,6327S,GSTR 1,6327S,6327S,SUD,-,PGS,PGS,SUD,Closed,1,KEPPEL TERMINAL,K13,"309,",Starboard Side,12/6/2024 18:15,13/6/2024 0:10,13/6/2024 0:10,-
CSCL GLOBE,063W,063W,CSCL GLOBE,063W,063W,COS,OA,MX5,CMEX,CSP,Closed,1,PASIR PANJANG TERMINAL 5-6,P32,"806,",Starboard Side,12/6/2024 17:40,13/6/2024 15:40,13/6/2024 10:13,-
MSC CLARA,FT420W,FT420W,MSC CLARA,FT420W,FT420W,MSD,2M,AM4,AM4,MSC,Closed,1,TUAS F2 TERMINAL 1,T205,"2207,",Port Side,12/6/2024 17:30,14/6/2024 16:50,14/6/2024 9:27,-
ONE MATRIX,089W,089W,ONE MATRIX,089W,089W,ONE,-,CWX,CWX,ONE,Closed,1,PASIR PANJANG TERMINAL 3,P20,"524,",Port Side,12/6/2024 17:05,13/6/2024 17:15,13/6/2024 16:25,-
MARCO POLO 252,0624,0624,MARCOPOLO252,0624,0624,ELS,-,KTL,KTL1,ELE,Closed,1,BRANI TERMINAL,B08,"913,",Port Side,12/6/2024 16:50,13/6/2024 5:50,12/6/2024 20:58,-
CAPRICORN 59,RB820,RB820,CAPRICORN 59,RB820,RB820,XSN,-,SBM,SBM,STP,Closed,1,KEPPEL TERMINAL,K12,"308,",Port Side,12/6/2024 15:25,12/6/2024 21:45,12/6/2024 21:32,-
MARCO POLO 138,PS047,PS047,MARCO P 138,PS047,PS047,ELS,-,PWG,PWG1,ELE,Closed,1,BRANI TERMINAL,B03,-,Port Side,12/6/2024 15:00,12/6/2024 21:00,-,-
MARCO POLO 138,PS047,PS047,MARCO P 138,PS047,PS047,ELS,-,PWG,PWG1,ELE,Closed,2,BRANI TERMINAL,B04,"804,",Port Side,13/6/2024 0:45,13/6/2024 8:55,-,-
MARCO POLO 138,PS047,PS047,MARCO P 138,PS047,PS047,ELS,-,PWG,PWG1,ELE,Closed,3,BRANI TERMINAL,B08,"913,",Port Side,13/6/2024 10:00,13/6/2024 19:25,13/6/2024 12:42,-
WAN HAI 626,W016,W016,WAN HAI 626,W016,W016,WHL,-,GCS,AM1,WHL,Closed,1,BRANI TERMINAL,B05,"807,",Port Side,12/6/2024 14:40,13/6/2024 19:40,13/6/2024 16:58,-
MTT SANDAKAN,43E,43E,MTT SANDAKAN,43E,43E,GSL,-,ITS,ITS,STS,Closed,1,PASIR PANJANG TERMINAL 1,P02,"106,",Port Side,12/6/2024 12:40,13/6/2024 12:15,13/6/2024 3:20,-
LADY OF LUCK,241N,241N,LADY OF LUCK,241N,241N,SUD,-,TI2,TI2,SUD,Closed,1,PASIR PANJANG TERMINAL 2,P08,"304,",Starboard Side,12/6/2024 12:35,14/6/2024 11:30,14/6/2024 2:51,-
SUMBER JAYA 2518,S391N,S391S,SUMBER J2518,S391N,S391S,SBG,-,SDX,SDX,AAA,Closed,1,PASIR PANJANG TERMINAL 1,P03,"111,",Port Side,12/6/2024 12:35,12/6/2024 22:50,12/6/2024 20:24,-
BATAMINDO V,83583N,83583N,BSW 5,83583N,83583N,BSW,-,BCL,BATAM 2,BAT,Closed,1,KEPPEL TERMINAL,K13,"309,",Port Side,12/6/2024 11:30,12/6/2024 18:15,12/6/2024 18:06,-
SEASPAN HARRIER,2420W,2420W,SEASPAN HARR,2420W,2420W,ONE,-,IPA,SX1,ONE,Closed,1,PASIR PANJANG TERMINAL 3,P22,"529,",Starboard Side,12/6/2024 11:20,14/6/2024 12:40,13/6/2024 23:26,-
SANTA LOUKIA,245S,245S,SANTA LOUKIA,245S,245S,OOC,-,VJS,VJS1,OCL,Closed,1,PASIR PANJANG TERMINAL 5-6,P30,"800,",Starboard Side,12/6/2024 10:40,13/6/2024 3:50,12/6/2024 22:22,-
KOTA PUSAKA,0031E,0031E,KOTA PUSAKA,0031E,0031E,PIL,-,GCS,GCS,PIL,Closed,1,BRANI TERMINAL,B07,"909,",Port Side,12/6/2024 10:05,13/6/2024 16:25,13/6/2024 13:03,-
AL JMELIYAH,028W,028W,AL JMELIYAH,028W,028W,HLC,THE,FE2,FE2,HLC,Closed,1,PASIR PANJANG TERMINAL 3,P18,"512,",Starboard Side,12/6/2024 9:50,14/6/2024 5:20,14/6/2024 1:49,-
MSC NADIA IV,HD421A,HD421A,MSC NADIA IV,HD421A,HD421A,MSD,-,ORC,ORC,MSC,Closed,1,TUAS F2 TERMINAL 1,T206,"2213,",Starboard Side,12/6/2024 8:35,13/6/2024 9:40,13/6/2024 7:01,-
SAMUDRA III,SB960,SG960,SAMUDRA III,SB960,SG960,XSN,-,SBM,SBM,STP,Closed,1,KEPPEL TERMINAL,K13,"308,",Port Side,12/6/2024 8:10,12/6/2024 11:30,12/6/2024 10:00,-
CAPRICORN 51,PG408,PG408,CAPRICORN 51,PG408,PG408,XSN,-,SBM,SBM,STP,Closed,1,KEPPEL TERMINAL,K12,"308,",Port Side,12/6/2024 7:55,12/6/2024 14:20,12/6/2024 14:20,-
MSC SUJIN,HE423A,HE423A,MSC SUJIN,HE423A,HE423A,MSD,-,NME,NME,MSC,Closed,1,TUAS F2 TERMINAL 1,T213,"2404,",Starboard Side,12/6/2024 7:45,12/6/2024 14:25,-,-
MSC SUJIN,HE423A,HE423A,MSC SUJIN,HE423A,HE423A,MSD,-,NME,NME,MSC,Closed,2,TUAS F2 TERMINAL 1,T213,-,Starboard Side,12/6/2024 14:25,12/6/2024 20:00,-,-
MSC SUJIN,HE423A,HE423A,MSC SUJIN,HE423A,HE423A,MSD,-,NME,NME,MSC,Closed,3,TUAS F2 TERMINAL 1,T203,"2201,",Port Side,12/6/2024 21:30,13/6/2024 15:05,13/6/2024 8:23,-
EVER ORDER,0401-064S,0401-064S,EVER ORDER,1-064S,1-064S,EGH,-,TIX,TIX,RTW,Closed,1,PASIR PANJANG TERMINAL 4,P27,"701,",Starboard Side,12/6/2024 7:00,13/6/2024 6:30,13/6/2024 2:39,-
CMA CGM BRAZIL,0WWI3W1MA,0WWI3W1MA,CMA BRAZIL,I3W1MA,I3W1MA,CMA,-,FW1,WAX1,CCA,Closed,1,PASIR PANJANG TERMINAL 5-6,P35,"881,",Starboard Side,12/6/2024 6:55,13/6/2024 6:40,12/6/2024 23:28,-
BUANA OCEAN 09,B40611,S40611,BUANA OC 09,B40611,S40611,BNA,-,BTM,BTM,BNA,Closed,1,PASIR PANJANG TERMINAL 1,P03,"112,",Port Side,12/6/2024 6:50,12/6/2024 11:30,12/6/2024 9:39,-
JAKARTA EXPRESS,081S,081S,JAKARTA E,081S,081S,HLC,-,JJS,JSJ,HLC,Closed,1,PASIR PANJANG TERMINAL 2,P26,"612,",Port Side,12/6/2024 6:00,14/6/2024 6:20,13/6/2024 22:04,-
XIN TIAN JIN,090W,090W,XIN TIANJIN,090W,090W,COS,-,FME,FCS,CSP,Closed,1,PASIR PANJANG TERMINAL 5-6,P31,"803,",Starboard Side,12/6/2024 5:50,12/6/2024 18:15,12/6/2024 14:19,-
XIN HONG KONG,070EA,071WA,XIN HONGKONG,070EA,071WA,COS,-,CN1/PRG,CI1/MTS,CSP,Closed,1,PASIR PANJANG TERMINAL 5-6,P33,"811,",Starboard Side,12/6/2024 5:30,14/6/2024 2:30,13/6/2024 16:19,-
MOL EXPLORER,077N,077N,MOL EXPLORER,077N,077N,ONE,-,JJS,JID,ONE,Closed,1,PASIR PANJANG TERMINAL 2,P23,"601,",Port Side,12/6/2024 5:15,14/6/2024 11:30,14/6/2024 5:32,-
MAERSK NACKA,421S,423N,MAERSK NACKA,421S,423N,MAE,-,IA9,IA9,MSL,Closed,1,TUAS F2 TERMINAL 1,T203,"2201,",Port Side,12/6/2024 4:20,12/6/2024 20:20,-,-
MAERSK NACKA,421S,423N,MAERSK NACKA,421S,423N,MAE,-,IA9,IA9,MSL,Closed,2,PASIR PANJANG TERMINAL 2,P11,"318,",Port Side,14/6/2024 11:35,15/6/2024 3:00,14/6/2024 11:35,-
EVER LEGION,1592-055W,1592-055W,E LEGION,2-055W,2-055W,EMA,-,FAA,ESAW,RTW,Closed,1,PASIR PANJANG TERMINAL 4,P28,"704,",Starboard Side,12/6/2024 3:35,12/6/2024 16:35,12/6/2024 14:58,-
MSC SOMYA III,XA423A,XA423A,MSC SOMYA 3,XA423A,XA423A,MSD,-,OTH,OTH-MSC SOMYA,MSC,Closed,1,TUAS F2 TERMINAL 1,T204,"2204,",Port Side,12/6/2024 3:20,13/6/2024 0:40,12/6/2024 23:53,-
BATAMINDO III,93583S,93583S,BSW 3,93583S,93583S,BSW,-,BCL,BATAM 2,BAT,Closed,1,BRANI TERMINAL,B02,"708,",Port Side,12/6/2024 3:00,12/6/2024 9:20,12/6/2024 9:20,-
MAERSK HIDALGO,421W,421W,MS HIDALGO,421W,421W,MAE,2M,AM3,AM3,MSL,Closed,1,TUAS F2 TERMINAL 1,T208,"2222,",Port Side,12/6/2024 0:55,14/6/2024 1:05,13/6/2024 2:35,-
X PRESS GANGES,24007S,24008N,XPRESS GANG,24007S,24008N,XLP,-,CCU,CCU,XLP,Closed,1,PASIR PANJANG TERMINAL 5-6,P36,"886,",Port Side,12/6/2024 0:50,12/6/2024 19:25,12/6/2024 15:28,-
MSC NURYA G,KE423A,KE423A,MSC NURYA G,KE423A,KE423A,MSD,-,KWI,KWI,MSC,Closed,1,TUAS F2 TERMINAL 1,T210,"2229,",Port Side,12/6/2024 0:40,14/6/2024 3:10,-,-
MSC NURYA G,KE423A,KE423A,MSC NURYA G,KE423A,KE423A,MSD,-,KWI,KWI,MSC,Closed,2,PASIR PANJANG TERMINAL 3,P21,"528,",Starboard Side,14/6/2024 5:10,14/6/2024 23:00,14/6/2024 5:10,-
ALEXANDRIA BRIDGE,070W,070W,ALEXANDRIA B,070W,070W,ONE,-,WX3,SW2,ONE,Closed,1,PASIR PANJANG TERMINAL 5-6,P32,"809,",Port Side,12/6/2024 0:25,12/6/2024 15:10,12/6/2024 8:00,-
KOTA LEGIT,0064E,0064E,KOTA LEGIT,0064E,0064E,PIL,-,SWA,SWS,PIL,Closed,1,BRANI TERMINAL,B06,"905,",Port Side,11/6/2024 23:30,13/6/2024 12:25,13/6/2024 11:00,-
SINDO GARUDA KENCANA,283 SN,283 SN,SINDO GARUDA,283 SN,283 SN,PSN,-,JPP,JPP,SDO,Closed,1,BRANI TERMINAL,B07,"909,",Starboard Side,11/6/2024 23:15,12/6/2024 3:55,12/6/2024 3:39,-
RIO MADEIRA,419N,423S,RIO MADEIRA,419N,423S,MAE,-,NZS,NZS,MSL,Closed,1,PASIR PANJANG TERMINAL 2,P10,"315,",Starboard Side,11/6/2024 21:10,13/6/2024 14:00,13/6/2024 12:58,-
VIMC DIAMOND,24VD007E,24VD007E,VIMC DIAMOND,VD007E,VD007E,FXS,-,BPS,BPS,SEO,Closed,1,PASIR PANJANG TERMINAL 5-6,P34,"817,",Starboard Side,11/6/2024 21:10,12/6/2024 7:05,12/6/2024 3:46,-
HMM CHITTAGONG,024N,024N,HMM CHITTAGO,024N,024N,HMM,-,KCB,KCB,HMM,Closed,1,BRANI TERMINAL,B04,"805,",Port Side,11/6/2024 21:00,12/6/2024 19:35,12/6/2024 14:50,-
WHUTTHI BHUM,042S,042S,WHUTTHI BHUM,042S,042S,RCL,-,TI2,RTI02,GRS,Closed,1,PASIR PANJANG TERMINAL 1,P02,"108,",Port Side,11/6/2024 20:40,12/6/2024 23:20,12/6/2024 20:06,-
MSC ULSAN III,HO421R,HO421R,MSC ULSAN 3,HO421R,HO421R,MSD,-,SHR,SHR,MSC,Closed,1,TUAS F2 TERMINAL 1,T209,"2227,",Port Side,11/6/2024 20:35,13/6/2024 0:45,12/6/2024 21:34,-
MTT SIBU,J158S,P034N,MTT SIBU,J158S,P034N,FXS,-,SPP/ARM,SPP/ARM,SEO,Closed,1,BRANI TERMINAL,B03,-,Port Side,11/6/2024 20:05,12/6/2024 9:20,-,-
MTT SIBU,J158S,P034N,MTT SIBU,J158S,P034N,FXS,-,SPP/ARM,SPP/ARM,SEO,Closed,2,BRANI TERMINAL,B03,"708,",Port Side,12/6/2024 9:20,13/6/2024 6:20,12/6/2024 20:47,-
CAPE FAWLEY,125S,125S,CAPE FAWLEY,125S,125S,COS,-,VTS,VTS,CSP,Closed,1,PASIR PANJANG TERMINAL 5-6,P31,"806,",Starboard Side,11/6/2024 20:00,12/6/2024 13:55,12/6/2024 9:00,-
SAMUDRA BINTAN 88,11F24P,P11F24,SAMUDRA B 88,11F24P,P11F24,XWS,-,WBL,WINSTAR,WIN,Closed,1,KEPPEL TERMINAL,K13,"308,",Port Side,11/6/2024 19:30,12/6/2024 6:45,11/6/2024 23:36,-
CMA CGM LOUIS BLERIOT,0FMFTW1MA,0FMFTW1MA,CMA LOUIS BL,FTW1MA,FTW1MA,CMA,OA,EU5,NEU5,CCA,Closed,1,PASIR PANJANG TERMINAL 5-6,P37,"901,",Port Side,11/6/2024 18:35,12/6/2024 23:20,12/6/2024 13:49,-
KMTC QINGDAO,2405S,2405S,KMTC QINGDAO,2405S,2405S,KMD,-,KRC,KMS,MOD,Closed,1,BRANI TERMINAL,B05,"808,",Port Side,11/6/2024 18:05,12/6/2024 13:40,12/6/2024 10:00,-
COSCO NEW YORK,133W,133W,COSCO NEW YO,133W,133W,COS,-,PMX,PMX,CSP,Closed,1,PASIR PANJANG TERMINAL 5-6,P31,"803,",Starboard Side,11/6/2024 17:05,12/6/2024 3:30,12/6/2024 1:08,-
HMM HANUL,014E,014E,HMM HANUL,014E,014E,HMM,THE,AG3,AG3,HMM,Closed,1,PASIR PANJANG TERMINAL 2,P24,"605,",Port Side,11/6/2024 16:50,13/6/2024 2:40,12/6/2024 22:36,-
NUSANTARA 2501,385BSN,387SN,N2501,385BSN,387SN,PSN,-,BSD,BATAM,SDO,Closed,1,KEPPEL TERMINAL,K14,"309,",Starboard Side,11/6/2024 15:45,11/6/2024 17:45,11/6/2024 16:41,-
SYNERGY KEELUNG,015W,015W,SYNERGY KEEL,015W,015W,RCL,-,CVI,RFM2,GRS,Closed,1,PASIR PANJANG TERMINAL 5-6,P33,"813,",Starboard Side,11/6/2024 15:35,12/6/2024 3:55,12/6/2024 2:12,-
GABRIELA A,004S,004N,GABRIELA A,004S,004N,HLC,-,LSD,TSX,HLC,Closed,1,PASIR PANJANG TERMINAL 2,P07,"301,",Starboard Side,11/6/2024 14:30,13/6/2024 16:00,13/6/2024 13:00,-
MAERSK SALINA,422W,422W,MS SALINA,422W,422W,MAE,2M,UE6,UE6,MSL,Closed,1,TUAS F2 TERMINAL 1,T207,"2217,",Port Side,11/6/2024 14:25,13/6/2024 0:00,12/6/2024 17:52,-
SEVILLIA,931N,932S,SEVILLIA,931N,932S,SUD,-,SSU,SSU,SUD,Closed,1,PASIR PANJANG TERMINAL 2,P25,"612,",Port Side,11/6/2024 14:05,13/6/2024 2:00,12/6/2024 22:37,-
MAERSK TAIKUNG,422W,422W,MS TAIKUNG,422W,422W,MAE,2M,UE1,UE1,MSL,Closed,1,TUAS F2 TERMINAL 1,T205,"2210,",Port Side,11/6/2024 13:35,12/6/2024 15:05,12/6/2024 13:00,-
MARCOPOLO 122,BS236,BS236,MARCOPOLO122,BS236,BS236,ELS,-,ELS,BUN,ELE,Closed,1,PASIR PANJANG TERMINAL 1,P01,"104,",Port Side,11/6/2024 12:20,12/6/2024 23:25,12/6/2024 11:19,-
MARCOPOLO 122,BS236,BS236,MARCOPOLO122,BS236,BS236,ELS,-,ELS,BUN,ELE,Closed,2,PASIR PANJANG TERMINAL 1,P01,"104,",Port Side,12/6/2024 23:25,13/6/2024 6:30,-,-
CAPRICORN 51,PB408,PB408,CAPRICORN 51,PB408,PB408,XSN,-,SBM,SBM,STP,Closed,1,KEPPEL TERMINAL,K12,"308,",Port Side,11/6/2024 11:35,11/6/2024 14:40,11/6/2024 14:30,-
ELA,0LJ25N1NC,0LJ25N1NC,ELA,25N1NC,25N1NC,CNC,-,LX2,LCX2,APL,Closed,1,PASIR PANJANG TERMINAL 5-6,P40,"915,",Port Side,11/6/2024 11:15,12/6/2024 20:05,12/6/2024 15:10,-
CAPRICORN 57,MB170,MG170,CAPRICORN 57,MB170,MG170,XSN,-,SBM,SBM,STP,Closed,1,BRANI TERMINAL,B08,"913,",Port Side,11/6/2024 11:05,11/6/2024 15:45,11/6/2024 14:42,-
CAPE SYROS,068S,068N,CAPE SYROS,068S,068N,OOC,-,KT1,KTX1,OCL,Closed,1,PASIR PANJANG TERMINAL 5-6,P30,"800,",Starboard Side,11/6/2024 10:35,12/6/2024 8:25,12/6/2024 7:06,-
OOCL BELGIUM,596S,596S,OOCL BELGIUM,596S,596S,OOC,-,CMS,CSS3,OCL,Closed,1,PASIR PANJANG TERMINAL 5-6,P32,"809,",Starboard Side,11/6/2024 10:30,11/6/2024 23:00,11/6/2024 17:40,-
CMA CGM PELLEAS,0MDB3W1MA,0MDB3W1MA,CMA PELLEAS,B3W1MA,B3W1MA,CMA,OA,MX1,MEA1,CCA,Closed,1,PASIR PANJANG TERMINAL 5-6,P41,"921,",Port Side,11/6/2024 9:35,13/6/2024 7:05,13/6/2024 2:46,-
MSC TERESA,FK420A,FK420A,MSC TERESA,FK420A,FK420A,MSD,-,NFL,NFL,MSC,Closed,1,TUAS F2 TERMINAL 1,T206,"2213,",Port Side,11/6/2024 9:35,12/6/2024 6:25,12/6/2024 2:42,-
BUXWAVE,421E,421E,BUXWAVE,421E,421E,MAE,-,FM3,FM3E,MSL,Closed,1,PASIR PANJANG TERMINAL 2,P11,"318,",Starboard Side,11/6/2024 9:25,14/6/2024 10:45,14/6/2024 5:38,-
ALS SUMIRE,140N,141N,ALS SUMIRE,140N,141N,SUD,-,BEL/BTS,BEL/BTS,SUD,Closed,1,PASIR PANJANG TERMINAL 1,P02,"106,",Port Side,11/6/2024 8:15,12/6/2024 11:15,12/6/2024 3:00,-
BATAMINDO III,93582N,93582N,BSW 3,93582N,93582N,BSW,-,BCL,BATAM 2,BAT,Closed,1,KEPPEL TERMINAL,K13,"308,",Port Side,11/6/2024 7:55,11/6/2024 11:00,11/6/2024 10:58,-
SEASPAN OSAKA,016W,016W,SEASPAN OSAK,016W,016W,ONE,-,CI3,CCX,ONE,Closed,1,PASIR PANJANG TERMINAL 3,P19,"519,",Starboard Side,11/6/2024 6:20,12/6/2024 12:15,12/6/2024 10:45,-
IKA 251,11N,12S,IKA 251,11N,12S,SBG,-,OSX,OSX,AAA,Closed,1,BRANI TERMINAL,B03,"708,",Port Side,11/6/2024 4:35,12/6/2024 2:40,11/6/2024 16:34,-
KOTA SINGA,065W,065W,KOTA SINGA,065W,065W,PIL,-,SAA,ASA,PIL,Closed,1,BRANI TERMINAL,B07,"910,",Port Side,11/6/2024 4:05,12/6/2024 7:30,11/6/2024 20:35,-
CMA CGM AFRICA FOUR,04JI1W1MA,04JI1W1MA,CMA AFRICA 4,I1W1MA,I1W1MA,CMA,-,MXP,MXP,CCA,Closed,1,PASIR PANJANG TERMINAL 5-6,P39,"911,",Port Side,11/6/2024 3:55,12/6/2024 18:35,12/6/2024 10:00,-
BUANA OCEAN 08,B40610,S40610,BUANA OC 08,B40610,S40610,BNA,-,BTM,BTM,BNA,Closed,1,BRANI TERMINAL,B03,"708,",Port Side,11/6/2024 3:45,11/6/2024 6:05,11/6/2024 4:37,-
LILA BHUM,915S,916N,LILA BHUM,915S,916N,RCL,-,RSP,RSP6,GRS,Closed,1,PASIR PANJANG TERMINAL 1,P03,"110,",Starboard Side,11/6/2024 3:30,12/6/2024 7:10,11/6/2024 21:08,-
EVER OATH,0458-050S,0458-050S,EVER OATH,8-050S,8-050S,EMA,-,VMS,VMS,RTW,Closed,1,PASIR PANJANG TERMINAL 4,P27,"701,",Starboard Side,11/6/2024 2:55,12/6/2024 5:15,12/6/2024 4:46,-
BATAMINDO V,83582S,83582S,BSW 5,83582S,83582S,BSW,-,BCL,BATAM 2,BAT,Closed,1,BRANI TERMINAL,B08,"913,",Port Side,11/6/2024 2:40,11/6/2024 10:10,11/6/2024 10:08,-
MSC AMSTERDAM,QG417E,QG417E,MSC AMSTERD,QG417E,QG417E,MSD,2M,GFN,GFN,MSC,Closed,1,PASIR PANJANG TERMINAL 3,P16,"504,",Starboard Side,11/6/2024 2:30,12/6/2024 18:25,12/6/2024 16:19,-
ANL HEDLAND TRADER,3024S,3024S,ANL HEDLAND,3024S,3024S,ANL,-,PAX,PAX,CCA,Closed,1,PASIR PANJANG TERMINAL 5-6,P36,"887,",Starboard Side,11/6/2024 1:00,11/6/2024 23:45,11/6/2024 14:17,-
ORA BHUM,523S,524N,ORA BHUM,523S,524N,RCL,-,EMB,REM,GRS,Closed,1,PASIR PANJANG TERMINAL 1,P02,"108,",Starboard Side,10/6/2024 23:30,11/6/2024 19:30,11/6/2024 16:25,-
CMA CGM CAIMEP,0BYH4N1NC,0BYH4N1NC,CMA CAIMEP,H4N1NC,H4N1NC,CNC,-,KC2,KC2,APL,Closed,1,PASIR PANJANG TERMINAL 5-6,P35,"883,",Port Side,10/6/2024 23:25,12/6/2024 4:15,12/6/2024 0:37,-
KOTA RIA,0564S,0565W,KOTA RIA,0564S,0565W,PIL,-,SQS/BD2,SQS/BD2,PIL,Closed,1,BRANI TERMINAL,B06,"905,",Port Side,10/6/2024 23:10,11/6/2024 21:20,11/6/2024 15:47,-
DANUM 160,60226A,60226A,DANUM 160,60226A,60226A,SYG,-,KES,KES,ASI,Closed,1,KEPPEL TERMINAL,K13,"309,",Starboard Side,10/6/2024 22:45,11/6/2024 12:35,11/6/2024 2:41,-
ANTWERPEN EXPRESS,047E,047E,ANTWERPEN E,047E,047E,HLC,THE,MD3,MD3,HLC,Closed,1,PASIR PANJANG TERMINAL 2,P09,"308,",Starboard Side,10/6/2024 22:35,12/6/2024 18:15,12/6/2024 16:53,-
DIMITRIS Y,245W,245W,DIMITRIS Y,245W,245W,ONE,-,HLX,TIP,ONE,Closed,1,PASIR PANJANG TERMINAL 2,P23,"601,",Port Side,10/6/2024 21:40,12/6/2024 3:30,12/6/2024 1:49,-
XIN YA ZHOU,162W,162W,XINYAZHOU,162W,162W,COS,-,CN1,CI1,CSP,Closed,1,PASIR PANJANG TERMINAL 5-6,P31,"803,",Starboard Side,10/6/2024 21:35,11/6/2024 15:20,11/6/2024 12:42,-
CAPRICORN 59,RG819,RG819,CAPRICORN 59,RG819,RG819,XSN,-,SBM,SBM,STP,Closed,1,KEPPEL TERMINAL,K13,"308,",Port Side,10/6/2024 20:50,11/6/2024 4:10,11/6/2024 4:10,-
INESSA,047N,047N,INESSA,047N,047N,OOC,-,ITS,ITS,OCL,Closed,1,PASIR PANJANG TERMINAL 5-6,P31,"806,",Starboard Side,10/6/2024 20:50,11/6/2024 18:00,11/6/2024 14:25,-
MSC DAVAO III,HO421A,HO421A,MSC DAVAO 3,HO421A,HO421A,MSD,-,SHR,SHR,MSC,Closed,1,TUAS F2 TERMINAL 1,T203,"2201,",Starboard Side,10/6/2024 20:35,12/6/2024 3:30,11/6/2024 17:23,-
XIN ZHAN JIANG,176N,176N,XIN ZHAN JIA,176N,176N,COS,-,CSE,CSE,CSP,Closed,1,PASIR PANJANG TERMINAL 5-6,P33,"814,",Starboard Side,10/6/2024 20:05,11/6/2024 13:55,11/6/2024 7:23,-
CNC NEPTUNE,0HJ9AN1NC,0HJ9AN1NC,CNC NEPTUNE,9AN1NC,9AN1NC,CNC,-,BX3,BBX3,APL,Closed,1,PASIR PANJANG TERMINAL 5-6,P38,"909,",Port Side,10/6/2024 19:15,12/6/2024 4:25,12/6/2024 1:00,-
MARCOPOLO 262,BS048,BS048,MARCOPOLO262,BS048,BS048,ELS,-,ELS,BUN,ELE,Closed,1,PASIR PANJANG TERMINAL 1,P05,-,Port Side,10/6/2024 18:35,12/6/2024 7:25,-,-
MARCOPOLO 262,BS048,BS048,MARCOPOLO262,BS048,BS048,ELS,-,ELS,BUN,ELE,Closed,2,PASIR PANJANG TERMINAL 1,P04,"114,",Port Side,12/6/2024 8:15,13/6/2024 7:05,12/6/2024 17:38,-
CMA CGM BOUGAINVILLE,0FLMLW1MA,0FLMLW1MA,CMA BOUGAINV,MLW1MA,MLW1MA,CMA,OA,EU4,NEU4,CCA,Closed,1,PASIR PANJANG TERMINAL 5-6,P37,"901,",Port Side,10/6/2024 18:25,11/6/2024 16:15,11/6/2024 9:14,-
KOTA AZAM,2415S,2416N,KOTA AZAM,2415S,2416N,PIL,-,VNS,VNS,PIL,Closed,1,BRANI TERMINAL,B07,"907,",Port Side,10/6/2024 17:45,11/6/2024 21:45,11/6/2024 18:15,-
KOTA LAWA,0086W,0086W,KOTA LAWA,0086W,0086W,PIL,-,SWA,SWS,PIL,Closed,1,BRANI TERMINAL,B07,"911,",Port Side,10/6/2024 16:35,11/6/2024 2:30,11/6/2024 0:04,-
FITZ ROY,176E,177W,FITZ ROY,176E,177W,OOC,-,CIN,CIN,OCL,Closed,1,PASIR PANJANG TERMINAL 5-6,P34,"817,",Starboard Side,10/6/2024 16:30,11/6/2024 19:40,11/6/2024 15:33,-
MARCOPOLO 158,BS370,BS370,MARCOPOLO158,BS370,BS370,ELS,-,ELS,BUN,ELE,Closed,1,PASIR PANJANG TERMINAL 1,P06,-,Port Side,10/6/2024 16:30,12/6/2024 8:50,-,-
MARCOPOLO 158,BS370,BS370,MARCOPOLO158,BS370,BS370,ELS,-,ELS,BUN,ELE,Closed,2,PASIR PANJANG TERMINAL 1,P04,"117,",Port Side,12/6/2024 9:20,13/6/2024 11:25,12/6/2024 20:40,-
MOL EARNEST,093W,093W,MOL EARN,093W,093W,ONE,-,TCX,TEI1,ONE,Closed,1,PASIR PANJANG TERMINAL 3,P22,"530,",Port Side,10/6/2024 15:45,12/6/2024 8:50,12/6/2024 3:39,-
MSC HAILEY ANN III,HO420A,HO422R,MSC HAILEY A,HO420A,HO422R,MSD,-,SHR,SHR,MSC,Closed,1,TUAS F2 TERMINAL 1,T210,"2230,",Port Side,10/6/2024 15:40,11/6/2024 21:35,11/6/2024 19:00,-
MSC HAILEY ANN III,HO420A,HO422R,MSC HAILEY A,HO420A,HO422R,MSD,-,SHR,SHR,MSC,Closed,2,PASIR PANJANG TERMINAL 3,P15,"503,",Starboard Side,13/6/2024 15:10,14/6/2024 1:30,-,-
WAN HAI 353,S020,N020,WAN HAI 353,S020,N020,WHL,-,NS1,NS1,WHL,Closed,1,BRANI TERMINAL,B05,"808,",Port Side,10/6/2024 15:25,11/6/2024 16:55,-,-
WAN HAI 353,S020,N020,WAN HAI 353,S020,N020,WHL,-,NS1,NS1,WHL,Closed,2,KEPPEL TERMINAL,K13,"309,",Starboard Side,11/6/2024 17:50,12/6/2024 7:50,12/6/2024 5:15,-
MSC ANUSHA III,HW419A,HW419A,MSC ANUSHA 3,HW419A,HW419A,MSD,-,PTW,PTW,MSC,Closed,1,TUAS F2 TERMINAL 1,T207,"2217,",Port Side,10/6/2024 15:20,11/6/2024 12:15,11/6/2024 9:37,-
PRIDE PACIFIC,048S,049N,PRIDE PACIFI,048S,049N,YML,-,SE8,SE8,GMS,Closed,1,PASIR PANJANG TERMINAL 2,P08,"306,",Starboard Side,10/6/2024 15:10,11/6/2024 17:55,11/6/2024 11:14,-
SOFRANA TOURVILLE,0BGVIS1NC,0UV81N1NC,SOFRANA TOUR,VIS1NC,81N1NC,CNC,-,BBX/YCX,BBX/YCX,APL,Closed,1,PASIR PANJANG TERMINAL 5-6,P35,"881,",Port Side,10/6/2024 14:20,11/6/2024 13:34,11/6/2024 11:20,-
SOFRANA TOURVILLE,0BGVIS1NC,0UV81N1NC,SOFRANA TOUR,VIS1NC,81N1NC,CNC,-,BBX/YCX,BBX/YCX,APL,Closed,2,PASIR PANJANG TERMINAL 5-6,P35,-,Port Side,11/6/2024 13:34,11/6/2024 17:00,-,-
MARCO POLO 108,PS186,PS186,MARCOPOLO108,PS186,PS186,ELS,-,PWG,PWG1,ELE,Closed,1,BRANI TERMINAL,B03,"708,",Port Side,10/6/2024 13:45,11/6/2024 4:15,10/6/2024 19:57,-
CAPRICORN 59,RB819,RB819,CAPRICORN 59,RB819,RB819,XSN,-,SBM,SBM,STP,Closed,1,KEPPEL TERMINAL,K13,"309,",Port Side,10/6/2024 13:05,10/6/2024 20:50,10/6/2024 20:50,-
RIO GRANDE,023N,024S,RIO GRANDE,023N,024S,OOC,-,SAL,SAL,OCL,Closed,1,PASIR PANJANG TERMINAL 5-6,P32,"808,",Starboard Side,10/6/2024 12:05,11/6/2024 9:25,11/6/2024 4:15,-
MSC CHULAI III,HU420A,HU420A,MSC CHULAI 3,HU420A,HU420A,MSD,-,GUL,GUL,MSC,Closed,1,TUAS F2 TERMINAL 1,T204,"2206,",Port Side,10/6/2024 10:20,11/6/2024 9:55,-,-
MSC CHULAI III,HU420A,HU420A,MSC CHULAI 3,HU420A,HU420A,MSD,-,GUL,GUL,MSC,Closed,2,PASIR PANJANG TERMINAL 3,P15,"502,",Starboard Side,14/6/2024 2:45,14/6/2024 22:00,14/6/2024 16:59,-
ASIATIC SUN,006E,007W,ASIATIC SUN,006E,007W,SUD,-,CC1,CCU1,SUD,Closed,1,PASIR PANJANG TERMINAL 1,P02,"106,",Port Side,10/6/2024 9:10,11/6/2024 7:10,11/6/2024 4:13,-
HMM ALGECIRAS,014E,014E,HMM ALGECIRA,014E,014E,HMM,THE,FE4,FE4,HMM,Closed,1,PASIR PANJANG TERMINAL 4,P28,"703,",Port Side,10/6/2024 9:00,12/6/2024 2:20,11/6/2024 23:01,-
BATAMINDO V,83581N,83581N,BSW 5,83581N,83581N,BSW,-,BCL,BATAM 2,BAT,Closed,1,BRANI TERMINAL,B07,"909,",Port Side,10/6/2024 8:50,10/6/2024 11:00,10/6/2024 10:48,-
INCRES,021S,022N,INCRES,021S,022N,COS,-,ICS,SCX2,CSP,Closed,1,PASIR PANJANG TERMINAL 5-6,P30,"801,",Starboard Side,10/6/2024 8:45,11/6/2024 9:15,11/6/2024 2:25,-
VENETIA,132W,132W,VENETIA,132W,132W,ONE,-,FAS,WA1,ONE,Closed,1,PASIR PANJANG TERMINAL 3,P19,"519,",Starboard Side,10/6/2024 8:45,11/6/2024 4:45,11/6/2024 2:54,-
SANTA VANESSA,420N,423S,SANTA VANESS,420N,423S,HLC,-,AU2,SEA,HLC,Closed,1,PASIR PANJANG TERMINAL 4,P29,"708,",Starboard Side,10/6/2024 7:25,12/6/2024 18:55,12/6/2024 14:36,-
ONE BLUE JAY,032W,032W,ONE BLUE JAY,032W,032W,ONE,THE,EC5,EC5,ONE,Closed,1,PASIR PANJANG TERMINAL 3,P20,"523,",Starboard Side,10/6/2024 7:20,12/6/2024 15:00,12/6/2024 9:33,-
PHEN BASIN,101W,101W,PHEN BASIN,101W,101W,OOC,-,AEF,EAX3,OCL,Closed,1,PASIR PANJANG TERMINAL 5-6,P33,"814,",Starboard Side,10/6/2024 6:45,10/6/2024 18:50,10/6/2024 15:25,-
MORTEN MAERSK,417E,417E,MORTEN MS,417E,417E,MAE,2M,LP1,LP1,MSL,Closed,1,PASIR PANJANG TERMINAL 3,P18,"511,",Starboard Side,10/6/2024 6:40,12/6/2024 7:25,11/6/2024 21:50,-
MARCOPOLO 294,BS233,BS233,MARCOPOLO294,BS233,BS233,ELS,-,ELS,BUN,ELE,Closed,1,BRANI TERMINAL,B08,"913,",Port Side,10/6/2024 6:30,11/6/2024 1:30,10/6/2024 14:12,-
ST MARY,0UF1VN1N-C,0UF1VN1N-C,ST MARY,VN1N-C,VN1N-C,CNC,-,OTH,OTH6 - SGS2,APL,Closed,1,PASIR PANJANG TERMINAL 5-6,P40,"913,",Port Side,10/6/2024 4:55,11/6/2024 6:10,11/6/2024 2:47,-
BUANA OCEAN 09,B40608,S40608,BUANA OC 09,B40608,S40608,BNA,-,BTM,BTM,BNA,Closed,1,BRANI TERMINAL,B03,"708,",Port Side,10/6/2024 4:35,10/6/2024 7:55,10/6/2024 6:13,-
CMA CGM G WASHINGTON,0MEI3W1MA,0MEI3W1MA,CMA G WASHIN,I3W1MA,I3W1MA,CMA,OA,ME2,MED2,CCA,Closed,1,PASIR PANJANG TERMINAL 5-6,P39,"908,",Port Side,10/6/2024 4:25,11/6/2024 2:05,10/6/2024 20:17,-
MAERSK HONG KONG,420W,420W,MS HONG KONG,420W,420W,MAE,2M,AM3,AM3,MSL,Closed,1,TUAS F2 TERMINAL 1,T208,"2221,",Port Side,10/6/2024 4:10,11/6/2024 22:25,11/6/2024 12:32,-
NORFOLK EXPRESS,002W,003E,NORFOLK E,002W,003E,HLC,-,AA7,AA7,HLC,Closed,1,PASIR PANJANG TERMINAL 2,P24,"605,",Port Side,10/6/2024 3:45,11/6/2024 14:55,11/6/2024 13:51,-
KITI BHUM,1041S,1042N,KITI BHUM,1041S,1042N,RCL,-,SGE,RSE,GRS,Closed,1,PASIR PANJANG TERMINAL 4,P27,"701,",Starboard Side,10/6/2024 3:35,11/6/2024 1:10,10/6/2024 21:30,-
SHIMIN,21W,21W,SHIMIN,21W,21W,SMH,-,CIS,CISC,SMH,Closed,1,PASIR PANJANG TERMINAL 2,P07,"301,",Starboard Side,10/6/2024 2:25,11/6/2024 6:00,11/6/2024 0:06,-
ATI BHUM,335S,335SW,ATI BHUM,335S,335SW,RCL,-,RPE,RPE,GRS,Closed,1,PASIR PANJANG TERMINAL 1,P01,"104,",Starboard Side,10/6/2024 1:55,11/6/2024 6:35,10/6/2024 23:54,-
KOTA RESTU,0264S,0265N,KOTA RESTU,0264S,0265N,PIL,-,SQS,SQS,PIL,Closed,1,BRANI TERMINAL,B06,"905,",Port Side,10/6/2024 1:10,10/6/2024 21:20,10/6/2024 13:44,-
CAPRICORN 97210,CB854,CG854,CAPRI 97210,CB854,CG854,XSN,-,SBM,SBM,STP,Closed,1,KEPPEL TERMINAL,K13,"309,",Port Side,10/6/2024 0:50,10/6/2024 4:20,10/6/2024 3:35,-
GSL VINIA,420S,420S,GSL VINIA,420S,420S,MAE,-,IA8,IA8,MSL,Closed,1,TUAS F2 TERMINAL 1,T203,"2201,",Port Side,10/6/2024 0:30,10/6/2024 18:50,-,-
GSL VINIA,420S,420S,GSL VINIA,420S,420S,MAE,-,IA8,IA8,MSL,Closed,2,PASIR PANJANG TERMINAL 2,P10,"314,",Port Side,13/6/2024 16:00,14/6/2024 6:05,13/6/2024 20:56,-
NORTHERN DEXTERITY,FC423A,FC423A,NORTHERN DEX,FC423A,FC423A,MSD,-,CAP,CAP,MSC,Closed,1,TUAS F2 TERMINAL 1,T209,"2226,",Port Side,10/6/2024 0:05,11/6/2024 19:00,11/6/2024 9:11,-
KOTA TENAGA,0208E,0209W,KOTA TENAGA,0208E,0209W,PIL,-,BD2,BD2,PIL,Closed,1,BRANI TERMINAL,B07,"907,",Starboard Side,9/6/2024 23:55,10/6/2024 16:40,10/6/2024 16:12,-
SAMUDRA BINTAN 88,09F24P,P09F24,SAMUDRA B 88,09F24P,P09F24,XWS,-,WBL,WINSTAR,WIN,Closed,1,BRANI TERMINAL,B03,"708,",Port Side,9/6/2024 23:50,10/6/2024 4:40,10/6/2024 0:49,-
INDO SUKSES 51,016N,122E,IS 51,016N,122E,SBG,-,LSX/PSX,LSX/PSX,AAA,Closed,1,KEPPEL TERMINAL,K12,"308,",Starboard Side,9/6/2024 23:45,10/6/2024 23:10,10/6/2024 18:15,-
COSCO SHIPPING UNIVERSE,028W,028W,COS UNIVERSE,028W,028W,COS,OA,EU2,AEU3,CSP,Closed,1,PASIR PANJANG TERMINAL 5-6,P31,"802,",Starboard Side,9/6/2024 22:20,10/6/2024 19:30,10/6/2024 16:31,-
FLORA DELMAS,1024S,1024S,FLORA DELMAS,1024S,1024S,ANL,-,APR,APR,CCA,Closed,1,PASIR PANJANG TERMINAL 5-6,P36,"886,",Port Side,9/6/2024 21:55,10/6/2024 21:35,10/6/2024 18:12,-
CMA CGM MANTA RAY,0RDV9W1MA,0RDV9W1MA,CMA MANTARAY,V9W1MA,V9W1MA,CMA,-,RS2,RES2,CCA,Closed,1,PASIR PANJANG TERMINAL 5-6,P37,"901,",Port Side,9/6/2024 21:40,10/6/2024 16:15,10/6/2024 14:25,-
SINAR SUNDA,166S,166S,SINAR SUNDA,166S,166S,SUD,-,IHX,IHX,SUD,Closed,1,PASIR PANJANG TERMINAL 2,P26,"610,",Port Side,9/6/2024 21:25,11/6/2024 12:45,11/6/2024 10:05,-
SINAR SANUR,062N,063S,SINAR SANUR,062N,063S,SUD,-,SRG,SRG0,SUD,Closed,1,PASIR PANJANG TERMINAL 2,P26,"613,",Port Side,9/6/2024 21:20,12/6/2024 4:10,11/6/2024 23:41,-
NUSANTARA 2501,383BSN,385SN,N2501,383BSN,385SN,PSN,-,BSD,BATAM,SDO,Closed,1,BRANI TERMINAL,B07,"909,",Starboard Side,9/6/2024 21:00,9/6/2024 22:45,9/6/2024 21:55,-
MAERSK CAMDEN,418E,418E,MS CAMDEN,418E,418E,MAE,2M,AM3,AM3,MSL,Closed,1,PASIR PANJANG TERMINAL 3,P16,"504,",Starboard Side,9/6/2024 19:35,10/6/2024 23:40,10/6/2024 16:16,-
SPIL NITA,04GI5W2MA,04GI5W2MA,SPIL NITA,I5W2MA,I5W2MA,CMA,-,EAF,ASEA1,CCA,Closed,1,PASIR PANJANG TERMINAL 5-6,P35,"883,",Port Side,9/6/2024 19:15,10/6/2024 22:05,10/6/2024 15:12,-
PIRA BHUM,602S,603N,PIRA BHUM,602S,603N,RCL,-,EMB,REM,GRS,Closed,1,PASIR PANJANG TERMINAL 1,P03,"110,",Starboard Side,9/6/2024 19:00,10/6/2024 23:25,10/6/2024 16:46,-
SEASMILE,412E,412E,SEASMILE,412E,412E,GSL,-,FAS,FAX,STS,Closed,1,PASIR PANJANG TERMINAL 2,P10,"315,",Starboard Side,9/6/2024 18:30,10/6/2024 23:00,10/6/2024 20:15,-
BINA MARINE 82,123 SN,123 SN,BINA M 82,123 SN,123 SN,PSN,-,SUQ,GUNTUNG,SDO,Closed,1,BRANI TERMINAL,B08,"913,",Port Side,9/6/2024 15:45,10/6/2024 3:55,9/6/2024 21:06,-
PALU BAY,0IZH8N1NC,0IZH8N1NC,PALU BAY,H8N1NC,H8N1NC,CNC,-,JSX,JSX,APL,Closed,1,PASIR PANJANG TERMINAL 5-6,P38,"904,",Port Side,9/6/2024 15:15,10/6/2024 16:20,10/6/2024 12:16,-
APL MEXICO CITY,1NNTYW1MA,1NNTYW1MA,APL MEXICO,TYW1MA,TYW1MA,CMA,-,AEM,AEM,CCA,Closed,1,PASIR PANJANG TERMINAL 5-6,P41,"917,",Starboard Side,9/6/2024 13:35,11/6/2024 5:15,10/6/2024 7:56,-
CAPRICORN 57,MB169,MG169,CAPRICORN 57,MB169,MG169,XSN,-,SBM,SBM,STP,Closed,1,BRANI TERMINAL,B02,"708,",Port Side,9/6/2024 12:45,9/6/2024 23:40,9/6/2024 18:00,-
OOCL YOKOHAMA,191N,191N,O YOKOHAMA,191N,191N,OOC,-,AA1,AAA1,OCL,Closed,1,PASIR PANJANG TERMINAL 5-6,P32,"808,",Starboard Side,9/6/2024 12:45,10/6/2024 10:10,10/6/2024 8:20,-
MARCO POLO 128,0124,0124,MARCOPOLO128,0124,0124,ELS,-,PWG,PWG1,ELE,Closed,1,PASIR PANJANG TERMINAL 1,P06,-,Port Side,9/6/2024 11:35,11/6/2024 7:00,-,-
MARCO POLO 128,0124,0124,MARCOPOLO128,0124,0124,ELS,-,PWG,PWG1,ELE,Closed,2,PASIR PANJANG TERMINAL 1,P04,"114,",Port Side,11/6/2024 7:50,11/6/2024 23:50,11/6/2024 16:00,-
SUMBER JAYA 2515,S390N,S390S,SUMBER J2515,S390N,S390S,SBG,-,SDX,SDX,AAA,Closed,1,BRANI TERMINAL,B07,"909,",Port Side,9/6/2024 10:30,9/6/2024 20:05,9/6/2024 18:01,-
SAN LORENZO,259S,259S,SAN LORENZO,259S,259S,OOC,-,VTS,VTS,OCL,Closed,1,PASIR PANJANG TERMINAL 5-6,P34,"817,",Port Side,9/6/2024 10:15,10/6/2024 15:35,10/6/2024 10:49,-
KOTA NEBULA,0135E,0136W,KOTA NEBULA,0135E,0136W,PIL,-,MZS,MZS,PIL,Closed,1,BRANI TERMINAL,B07,"910,",Port Side,9/6/2024 10:10,10/6/2024 14:05,10/6/2024 9:38,-
ARISTOMENIS,028E,028E,ARISTOMENIS,028E,028E,HLC,THE,PN2,PN2,HLC,Closed,1,PASIR PANJANG TERMINAL 2,P09,"309,",Starboard Side,9/6/2024 9:10,10/6/2024 18:25,10/6/2024 5:00,-
XIN QIN ZHOU,186S,186N,XIN QIN ZHOU,186S,186N,COS,-,PA1,PA1,CSP,Closed,1,PASIR PANJANG TERMINAL 5-6,P30,"800,",Starboard Side,9/6/2024 8:50,10/6/2024 7:00,10/6/2024 6:09,-
MSC YANG R,HI421R,HI421R,MSC YANG R,HI421R,HI421R,MSD,-,NOG,NOG,MSC,Closed,1,TUAS F2 TERMINAL 1,T205,"2209,",Port Side,9/6/2024 8:20,10/6/2024 17:20,10/6/2024 17:15,-
MSC YANG R,HI421R,HI421R,MSC YANG R,HI421R,HI421R,MSD,-,NOG,NOG,MSC,Closed,2,PASIR PANJANG TERMINAL 3,P19,"520,",Starboard Side,12/6/2024 14:30,13/6/2024 6:05,-,-
RACHA BHUM,180E,180E,RACHA BHUM,180E,180E,RCL,-,TCX,RMB7,GRS,Closed,1,PASIR PANJANG TERMINAL 1,P02,"107,",Port Side,9/6/2024 7:25,10/6/2024 17:10,10/6/2024 15:55,-
MAERSK LETICIA,418E,418E,MS LETICIA,418E,418E,MAE,-,X4C,X4C,MSL,Closed,1,PASIR PANJANG TERMINAL 2,P11,"317,",Starboard Side,9/6/2024 7:05,11/6/2024 7:30,11/6/2024 0:16,-
MSC REBECCA III,KE422A,KE422A,MSC REBECCA,KE422A,KE422A,MSD,-,KWI,KWI,MSC,Closed,1,TUAS F2 TERMINAL 1,T210,"2231,",Port Side,9/6/2024 6:50,10/6/2024 10:05,9/6/2024 22:02,-
MSC REBECCA III,KE422A,KE422A,MSC REBECCA,KE422A,KE422A,MSD,-,KWI,KWI,MSC,Closed,2,PASIR PANJANG TERMINAL 3,P15,"502,",Starboard Side,11/6/2024 23:35,13/6/2024 10:00,-,-
YM INTERACTION,257S,257N,YM INTERACT,257S,257N,YML,-,TSE,TSE,GMS,Closed,1,PASIR PANJANG TERMINAL 2,P07,"305,",Port Side,9/6/2024 6:40,10/6/2024 1:25,9/6/2024 22:56,-
MTT SIBU,P033S,J158N,MTT SIBU,P033S,J158N,FXS,-,ARM/SPP,ARM/SPP,SEO,Closed,1,PASIR PANJANG TERMINAL 1,P01,"104,",Port Side,9/6/2024 6:20,10/6/2024 1:15,-,-
MTT SIBU,P033S,J158N,MTT SIBU,P033S,J158N,FXS,-,ARM/SPP,ARM/SPP,SEO,Closed,2,PSA CONTAINER TERMINAL,P01,-,Port Side,10/6/2024 1:35,10/6/2024 5:35,10/6/2024 1:35,-
GOLDEN STAR 1,6326S,6327N,GSTR 1,6326S,6327N,SUD,-,PGS,PGS,SUD,Closed,1,BRANI TERMINAL,B08,"913,",Starboard Side,9/6/2024 5:05,9/6/2024 14:50,9/6/2024 9:48,-
NYK VEGA,081E,081E,NYK VEGA,081E,081E,ONE,THE,FP1,FP1,ONE,Closed,1,PASIR PANJANG TERMINAL 2,P23,"601,",Port Side,9/6/2024 4:40,10/6/2024 19:40,10/6/2024 18:06,-
LILA BHUM,915SA,915SA,LILA BHUM,915SA,915SA,RCL,-,RSP,RSP6,GRS,Closed,1,KEPPEL TERMINAL,K16,-,Starboard Side,9/6/2024 3:00,11/6/2024 0:25,11/6/2024 0:25,-
HARBOUR RUBY,RB187,RB187,HARBOUR RUBY,RB187,RB187,HAB,-,NBX,EMY,HAB,Closed,1,BRANI TERMINAL,B03,"708,",Starboard Side,9/6/2024 2:45,9/6/2024 13:20,9/6/2024 11:43,-
OLIVIA I,0XL5RS1NC,0XL5RS1NC,OLIVIA I,5RS1NC,5RS1NC,CNC,-,KCS,KCS,APL,Closed,1,PASIR PANJANG TERMINAL 5-6,P39,"910,",Port Side,9/6/2024 2:35,10/6/2024 2:30,9/6/2024 23:04,-
HUNSA BHUM,0402-005S,0402-005S,HUNSA BHUM,2-005S,2-005S,EMA,-,TIX,TIX,RTW,Closed,1,PASIR PANJANG TERMINAL 4,P27,"701,",Starboard Side,9/6/2024 2:25,10/6/2024 2:00,10/6/2024 1:35,-
PORTO GERMENO,421N,421N,PORTO GERMEN,421N,421N,MAE,-,IA8,IA8,MSL,Closed,1,TUAS F2 TERMINAL 1,T203,"2202,",Port Side,9/6/2024 1:50,9/6/2024 22:55,-,-
PORTO GERMENO,421N,421N,PORTO GERMEN,421N,421N,MAE,-,IA8,IA8,MSL,Closed,2,PASIR PANJANG TERMINAL 2,P10,"315,",Starboard Side,11/6/2024 0:55,11/6/2024 19:15,11/6/2024 17:28,-
WAN HAI 323,S038,S038,WAN HAI 323,S038,S038,WHL,-,JTX,JTX,WHL,Closed,1,BRANI TERMINAL,B04,"804,",Port Side,9/6/2024 0:55,9/6/2024 18:55,9/6/2024 16:14,-
CNC SATURN,5IU4XE1NC,5IU4XE1NC,CNC SATURN,4XE1NC,4XE1NC,CNC,-,NV1,HS1,APL,Closed,1,PASIR PANJANG TERMINAL 5-6,P35,"883,",Port Side,8/6/2024 16:40,9/6/2024 17:30,-,-
CNC SATURN,5IU4XE1NC,5IU4XE1NC,CNC SATURN,4XE1NC,4XE1NC,CNC,-,NV1,HS1,APL,Closed,2,BRANI TERMINAL,B04,"806,",Port Side,9/6/2024 20:05,10/6/2024 5:55,10/6/2024 4:13,-
MARCOPOLO 152,BS275,BS275,MARCOPOLO152,BS275,BS275,ELS,-,ELS,BUN,ELE,Closed,1,PASIR PANJANG TERMINAL 1,P06,-,Port Side,8/6/2024 12:20,10/6/2024 15:35,-,-
MARCOPOLO 152,BS275,BS275,MARCOPOLO152,BS275,BS275,ELS,-,ELS,BUN,ELE,Closed,2,PASIR PANJANG TERMINAL 1,P04,"113,",Port Side,10/6/2024 16:30,11/6/2024 16:00,11/6/2024 3:37,-
MSC POLO II,SG423A,SG423A,MSC POLO II,SG423A,SG423A,MSD,-,OTH,POLO II SG423A,MSC,Closed,1,PASIR PANJANG TERMINAL 3,P15,"503,",Starboard Side,8/6/2024 11:35,9/6/2024 9:30,-,-
MSC POLO II,SG423A,SG423A,MSC POLO II,SG423A,SG423A,MSD,-,OTH,POLO II SG423A,MSC,Closed,2,TUAS F2 TERMINAL 1,T204,"2204,",Port Side,9/6/2024 17:56,10/6/2024 21:00,10/6/2024 17:46,-
MARCOPOLO 182,BS055,BS055,MARCOPOLO182,BS055,BS055,ELS,-,ELS,BUN,ELE,Closed,1,PASIR PANJANG TERMINAL 1,P05,-,Port Side,8/6/2024 11:20,9/6/2024 12:55,-,-
MARCOPOLO 182,BS055,BS055,MARCOPOLO182,BS055,BS055,ELS,-,ELS,BUN,ELE,Closed,2,PASIR PANJANG TERMINAL 1,P04,"114,",Port Side,9/6/2024 13:20,10/6/2024 16:40,9/6/2024 23:57,-
MSC CAROLINA,HW421R,HW421R,MSC CAROLINA,HW421R,HW421R,MSD,-,PTW,PTW,MSC,Closed,1,TUAS F2 TERMINAL 1,T205,"2209,",Port Side,8/6/2024 8:20,9/6/2024 4:26,-,-
MSC CAROLINA,HW421R,HW421R,MSC CAROLINA,HW421R,HW421R,MSD,-,PTW,PTW,MSC,Closed,2,PASIR PANJANG TERMINAL 3,P15,"502,",Starboard Side,10/6/2024 22:05,11/6/2024 15:00,11/6/2024 3:44,-
MSC SUPARNA F,SB422R,XA423A,MSC SUPARNA,SB422R,XA423A,MSD,-,OTH,OTH-MSC SUPARNA F,MSC,Closed,1,PASIR PANJANG TERMINAL 3,P21,"529,",Starboard Side,8/6/2024 2:50,8/6/2024 19:00,-,-
MSC SUPARNA F,SB422R,XA423A,MSC SUPARNA,SB422R,XA423A,MSD,-,OTH,OTH-MSC SUPARNA F,MSC,Closed,2,TUAS F2 TERMINAL 1,T209,"2229,",Port Side,9/6/2024 10:15,10/6/2024 6:10,10/6/2024 1:55,-
XIN HUI ZHOU,187E,188E,XIN HUI ZHOU,187E,188E,COS,-,CN1,CI1,CSP,Closed,1,PASIR PANJANG TERMINAL 5-6,P32,"807,",Starboard Side,8/6/2024 2:15,9/6/2024 8:15,-,-
XIN HUI ZHOU,187E,188E,XIN HUI ZHOU,187E,188E,COS,-,CN1,CI1,CSP,Closed,2,BRANI TERMINAL,B05,"807,",Port Side,9/6/2024 20:45,10/6/2024 14:15,10/6/2024 13:46,-
MARCOPOLO 362,PS003,PS003,MP 362,PS003,PS003,ELS,-,PWG,PWG1,ELE,Closed,1,PASIR PANJANG TERMINAL 1,P06,-,Port Side,7/6/2024 11:15,9/6/2024 8:00,-,-
MARCOPOLO 362,PS003,PS003,MP 362,PS003,PS003,ELS,-,PWG,PWG1,ELE,Closed,2,PASIR PANJANG TERMINAL 1,P04,"112,",Port Side,9/6/2024 8:30,10/6/2024 7:40,9/6/2024 18:00,-
